meas_id,stem_id,year,dbh,status_id,crown_class,live_crown_class,decay_class,plot_id,species_id,x,y
HM4848,H1823_1000,2019,7.9,AL,S,B,NA,H1823,TOC,86.75,30.75
HM4852,H1823_1001,2019,9.2,AS,S,A,NA,H1823,TOC,88,30.5
HM4856,H1823_1002,2019,6.5,AL,S,C,NA,H1823,TOC,89.75,30
HM4863,H1823_1004,2019,19.6,AS,I,A,NA,H1823,TOC,88.25,33.75
HM4874,H1823_1007,2019,6.2,DF,NA,NA,F1,H1823,TOC,88.5,38.75
HM4876,H1823_1008,2019,6.5,AL,S,B,NA,H1823,TOC,85,33.25
HM4878,H1823_1009,2019,6.3,AS,S,A,NA,H1823,TOC,87,37.75
HM4882,H1823_101,2019,14.3,AS,I,A,NA,H1823,TOC,34.5,5.25
HM4914,H1823_1017,2019,12.9,AS,I,A,NA,H1823,TOC,97,31
HM4918,H1823_1018,2019,13.5,AS,I,B,NA,H1823,TOC,95.25,31
HM4922,H1823_1019,2019,9.9,AS,S,A,NA,H1823,TOC,91,30.75
HM4926,H1823_102,2019,9.3,AS,S,A,NA,H1823,TOC,39,5.5
HM4930,H1823_1020,2019,13.3,AS,I,A,NA,H1823,TOC,92.5,34
HM4934,H1823_1021,2019,9.3,AS,S,A,NA,H1823,TOC,91,38
HM4938,H1823_1022,2019,11.9,AS,I,A,NA,H1823,TOC,90.5,38.25
HM4942,H1823_1023,2019,23.3,AS,I,A,NA,H1823,TOC,94.75,39
HM4946,H1823_1024,2019,7,AF,S,D,NA,H1823,TOC,96,36.25
HM4950,H1823_1025,2019,12.8,AL,S,A,NA,H1823,TOC,96,35.75
HM4954,H1823_1026,2019,13.1,AS,I,C,NA,H1823,TOC,95.5,35.5
HM4965,H1823_1029,2019,16.7,AS,I,A,NA,H1823,TOC,99,36.25
HM4969,H1823_103,2019,10.5,AS,S,A,NA,H1823,TOC,39,6.25
HM4973,H1823_1030,2019,17.9,AS,I,A,NA,H1823,TOC,98.75,38
HM4975,H1823_1031,2019,6.9,AS,S,A,NA,H1823,TOC,97,34
HM5011,H1823_104,2019,5,AS,S,D,NA,H1823,TOC,39.5,6.5
HM5035,H1823_105,2019,8.1,AS,S,B,NA,H1823,TOC,33,7.5
HM5042,H1823_1051,2019,11.7,AS,S,B,NA,H1823,TOC,9.25,41.5
HM5045,H1823_1052,2019,8.2,AS,S,B,NA,H1823,TOC,8.5,40.5
HM5072,H1823_106,2019,12.3,AS,I,A,NA,H1823,TOC,32.75,7.5
HM5074,H1823_1060,2019,7.1,AS,S,B,NA,H1823,TOC,13,40
HM5101,H1823_1071,2019,7.8,AS,S,B,NA,H1823,TOC,15.5,40
HM5116,H1823_1075,2019,17.1,DS,NA,NA,S1,H1823,TOC,18,49.5
HM5152,H1823_1085,2019,6.7,AS,S,B,NA,H1823,TOC,29.5,44.75
HM5156,H1823_1086,2019,22.3,AS,C,A,NA,H1823,TOC,29.5,45.75
HM5160,H1823_1087,2019,25.4,AS,C,A,NA,H1823,TOC,29.75,47.75
HM5163,H1823_1088,2019,5.5,AS,S,C,NA,H1823,TOC,28.75,45
HM5183,H1823_1093,2019,15,AL,S,C,NA,H1823,TOC,38.75,49
HM5187,H1823_1094,2019,19.6,AF,S,B,NA,H1823,TOC,39.25,47.75
HM5191,H1823_1095,2019,11.8,AS,S,B,NA,H1823,TOC,37,49.25
HM5195,H1823_1096,2019,7.6,AS,S,C,NA,H1823,TOC,34.75,48
HM5199,H1823_1097,2019,16.7,AL,I,A,NA,H1823,TOC,33.5,47
HM5203,H1823_1098,2019,36,AS,C,A,NA,H1823,TOC,31,46.5
HM5207,H1823_1099,2019,16.7,AS,I,A,NA,H1823,TOC,30.25,46.5
HM5211,H1823_11,2019,10.4,AS,I,B,NA,H1823,TOC,9.5,4.75
HM5219,H1823_1100,2019,20.1,AS,I,A,NA,H1823,TOC,30.75,44.75
HM5223,H1823_1101,2019,35.1,AS,C,A,NA,H1823,TOC,33.5,44
HM5233,H1823_1104,2019,6.2,AS,S,B,NA,H1823,TOC,41.25,44.75
HM5237,H1823_1105,2019,28.4,AS,C,A,NA,H1823,TOC,40.75,40.5
HM5241,H1823_1106,2019,16.1,AF,I,E,NA,H1823,TOC,41.25,40
HM5245,H1823_1107,2019,27,AS,C,A,NA,H1823,TOC,42.5,41.5
HM5253,H1823_1109,2019,131.2,AS,I,A,NA,H1823,TOC,45,41
HM5255,H1823_111,2019,6.9,AS,S,B,NA,H1823,TOC,42,3.75
HM5259,H1823_1110,2019,7.3,AS,S,C,NA,H1823,TOC,47.25,41.5
HM5263,H1823_1111,2019,18.4,AS,I,A,NA,H1823,TOC,49,43.5
HM5271,H1823_1113,2019,38.1,AS,C,A,NA,H1823,TOC,48,46
HM5279,H1823_1115,2019,11,AS,I,B,NA,H1823,TOC,44.25,48.5
HM5283,H1823_1116,2019,14,AS,I,B,NA,H1823,TOC,43,49
HM5290,H1823_1118,2019,6.8,AS,S,C,NA,H1823,TOC,41,48
HM5294,H1823_1119,2019,38,AS,C,A,NA,H1823,TOC,42,48
HM5300,H1823_1120,2019,24,AS,C,A,NA,H1823,TOC,43,46.75
HM5304,H1823_1121,2019,8.3,AL,S,D,NA,H1823,TOC,45,44.75
HM5308,H1823_1122,2019,5.6,DS,NA,NA,S1,H1823,TOC,43.25,44.5
HM5313,H1823_1124,2019,36.4,AS,C,B,NA,H1823,TOC,46.25,40.25
HM5330,H1823_113,2019,5.2,AS,S,B,NA,H1823,TOC,42,1.75
HM5341,H1823_1132,2019,19.9,AL,I,A,NA,H1823,TOC,58.5,48.5
HM5345,H1823_1133,2019,15.6,AS,I,A,NA,H1823,TOC,60,49.5
HM5353,H1823_1135,2019,29.8,AS,C,A,NA,H1823,TOC,58,45.75
HM5361,H1823_1137,2019,7,AL,S,B,NA,H1823,TOC,58.5,44.25
HM5370,H1823_114,2019,5.7,AS,S,C,NA,H1823,TOC,48,9.75
HM5380,H1823_1142,2019,7.9,DS,NA,NA,S1,H1823,TOC,58.75,40.25
HM5384,H1823_1143,2019,7.2,DF,NA,NA,F1,H1823,TOC,55,46
HM5388,H1823_1144,2019,15.7,AL,S,B,NA,H1823,TOC,51,44
HM5396,H1823_1146,2019,31.2,AS,C,A,NA,H1823,TOC,51.5,41.5
HM5400,H1823_1147,2019,30.9,AS,C,B,NA,H1823,TOC,53,42
HM5406,H1823_1149,2019,6.7,AS,S,C,NA,H1823,TOC,55.75,40.75
HM5410,H1823_115,2019,28.4,AS,C,A,NA,H1823,TOC,41.25,1
HM5414,H1823_1150,2019,20.5,AS,I,A,NA,H1823,TOC,57,41.5
HM5419,H1823_1152,2019,22.2,AL,I,A,NA,H1823,TOC,70,46.25
HM5423,H1823_1153,2019,27.2,AS,I,A,NA,H1823,TOC,68.25,40.5
HM5434,H1823_1156,2019,22.9,AS,I,A,NA,H1823,TOC,64,42
HM5452,H1823_1160,2019,18.2,AL,I,A,NA,H1823,TOC,62.5,46.5
HM5455,H1823_1161,2019,20.7,AL,I,A,NA,H1823,TOC,63.25,47
HM5473,H1823_1166,2019,21.4,AS,C,B,NA,H1823,TOC,62,48.5
HM5477,H1823_1167,2019,20.5,AL,S,C,NA,H1823,TOC,62.5,48.25
HM5481,H1823_1168,2019,26.6,AS,I,A,NA,H1823,TOC,63.5,48.25
HM5485,H1823_1169,2019,29.4,AS,I,A,NA,H1823,TOC,68.75,44
HM5516,H1823_1178,2019,22.3,AS,I,A,NA,H1823,TOC,79,40
HM5528,H1823_1180,2019,28.3,AS,I,A,NA,H1823,TOC,78,42
HM5532,H1823_1181,2019,18.9,AL,I,B,NA,H1823,TOC,77.5,42
HM5540,H1823_1183,2019,16.2,AS,I,A,NA,H1823,TOC,77,43
HM5548,H1823_1185,2019,24.4,AS,I,A,NA,H1823,TOC,72.5,42.5
HM5552,H1823_1186,2019,21.8,AL,I,A,NA,H1823,TOC,70.25,43.5
HM5559,H1823_1188,2019,13.7,DF,NA,NA,F1,H1823,TOC,73.5,47.5
HM5563,H1823_1189,2019,23.1,AS,I,A,NA,H1823,TOC,74,45
HM5567,H1823_119,2019,17.9,AS,I,A,NA,H1823,TOC,41,8.5
HM5571,H1823_1190,2019,34.8,AL,C,A,NA,H1823,TOC,78,49.75
HM5579,H1823_1192,2019,16.3,AL,I,B,NA,H1823,TOC,76,48.5
HM5582,H1823_1193,2019,7.8,AL,S,A,NA,H1823,TOC,78.25,44.75
HM5586,H1823_1194,2019,14.7,AL,I,A,NA,H1823,TOC,78.5,45.75
HM5590,H1823_1195,2019,22.7,DS,NA,NA,S1,H1823,TOC,79.25,46
HM5593,H1823_1196,2019,6.3,AS,S,C,NA,H1823,TOC,77.5,48.5
HM5595,H1823_1197,2019,6,AS,S,B,NA,H1823,TOC,73,47.75
HM5607,H1823_12,2019,9.2,AS,I,B,NA,H1823,TOC,9,2.25
HM5611,H1823_120,2019,26.6,AS,C,A,NA,H1823,TOC,44,9.5
HM5623,H1823_1202,2019,31.3,AS,C,A,NA,H1823,TOC,82,47
HM5631,H1823_1204,2019,7.3,AS,S,B,NA,H1823,TOC,83,48.5
HM5635,H1823_1205,2019,18.7,AS,I,A,NA,H1823,TOC,85,48
HM5639,H1823_1206,2019,8.2,DF,NA,NA,F1,H1823,TOC,86,48.5
HM5643,H1823_1207,2019,8.5,AS,S,A,NA,H1823,TOC,87,46.5
HM5647,H1823_1208,2019,11.5,AS,I,A,NA,H1823,TOC,87.5,45.5
HM5657,H1823_1210,2019,22.4,AS,C,A,NA,H1823,TOC,87.25,42.5
HM5664,H1823_1212,2019,22.9,AS,C,A,NA,H1823,TOC,85,44.5
HM5668,H1823_1213,2019,25,AS,I,A,NA,H1823,TOC,85,41.75
HM5672,H1823_1214,2019,15.5,AS,I,A,NA,H1823,TOC,82.25,40.75
HM5676,H1823_1215,2019,22.6,AS,I,A,NA,H1823,TOC,81.5,42.5
HM5680,H1823_1216,2019,13.2,AL,S,C,NA,H1823,TOC,80.25,42.75
HM5687,H1823_1218,2019,33.4,AS,C,A,NA,H1823,TOC,90,49
HM5689,H1823_1219,2019,6.8,AS,S,A,NA,H1823,TOC,89.75,40
HM5693,H1823_122,2019,22.1,AL,S,B,NA,H1823,TOC,42,3.75
HM5695,H1823_1220,2019,5.7,AS,S,C,NA,H1823,TOC,84.75,49.5
HM5708,H1823_1224,2019,5.2,AS,S,C,NA,H1823,TOC,82.49,47.4
HM5712,H1823_1225,2019,27,AS,C,A,NA,H1823,TOC,96,42
HM5720,H1823_1227,2019,22.2,AS,I,A,NA,H1823,TOC,94,44.25
HM5724,H1823_1228,2019,19.2,DF,NA,NA,F3,H1823,TOC,91.75,43.25
HM5728,H1823_1229,2019,7.8,AS,S,A,NA,H1823,TOC,91.5,45
HM5732,H1823_123,2019,29.8,AS,C,A,NA,H1823,TOC,44,2.5
HM5736,H1823_1230,2019,9.7,AS,S,A,NA,H1823,TOC,90.5,45.5
HM5740,H1823_1231,2019,9.8,AS,S,A,NA,H1823,TOC,91.75,47.75
HM5747,H1823_1233,2019,11.3,AS,S,B,NA,H1823,TOC,98.5,48.5
HM5751,H1823_1234,2019,26,AS,I,A,NA,H1823,TOC,99.75,47
HM5755,H1823_1235,2019,23.2,AS,I,A,NA,H1823,TOC,98.5,44.5
HM5782,H1823_1242,2019,7.8,AS,S,A,NA,H1823,TOC,95.95,50
HM5793,H1823_1247,2019,16,AS,I,A,NA,H1823,TOC,0.75,54
HM5838,H1823_1259,2019,16.1,AS,I,A,NA,H1823,TOC,1.5,55.25
HM5841,H1823_126,2019,21.7,AS,C,A,NA,H1823,TOC,44.25,7
HM5845,H1823_1260,2019,38.8,AS,C,A,NA,H1823,TOC,1,56.5
HM5854,H1823_1263,2019,18,AS,I,A,NA,H1823,TOC,3.8,50
HM5886,H1823_1272,2019,20.7,AL,I,B,NA,H1823,TOC,19.25,53
HM5890,H1823_1273,2019,6,DS,NA,NA,S1,H1823,TOC,18,53
HM5894,H1823_1274,2019,7.6,DS,NA,NA,S1,H1823,TOC,17,52.75
HM5917,H1823_1280,2019,5.9,AS,S,C,NA,H1823,TOC,26.75,50.75
HM5919,H1823_1281,2019,5.6,AL,S,E,NA,H1823,TOC,26.5,54.75
HM5921,H1823_1282,2019,5,AS,S,C,NA,H1823,TOC,25,57.75
HM5923,H1823_1283,2019,5.2,AF,S,D,NA,H1823,TOC,27.75,52
HM5925,H1823_1284,2019,5.4,AL,S,D,NA,H1823,TOC,26.75,50.5
HM5929,H1823_1285,2019,22.5,AS,I,A,NA,H1823,TOC,20.75,50.75
HM5936,H1823_1287,2019,42.6,AS,C,A,NA,H1823,TOC,20.5,54
HM5946,H1823_1290,2019,5.7,DS,NA,NA,F1,H1823,TOC,20.75,54
HM5950,H1823_1291,2019,14.4,AS,I,A,NA,H1823,TOC,24.25,53.25
HM5954,H1823_1292,2019,10.5,AS,S,B,NA,H1823,TOC,23.5,55.5
HM5958,H1823_1293,2019,18.2,AS,I,A,NA,H1823,TOC,25,56.5
HM5962,H1823_1294,2019,14.9,AS,I,B,NA,H1823,TOC,24,58
HM5966,H1823_1295,2019,29.9,AS,C,A,NA,H1823,TOC,25.75,59.75
HM5970,H1823_1296,2019,8.2,AS,S,C,NA,H1823,TOC,26.5,57.5
HM5974,H1823_1297,2019,13.1,AL,S,C,NA,H1823,TOC,28.75,59.5
HM5978,H1823_1298,2019,10.2,AF,S,C,NA,H1823,TOC,28.5,57.5
HM5982,H1823_1299,2019,28,DF,NA,NA,F1,H1823,TOC,28,57
HM5986,H1823_13,2019,10.3,AS,I,B,NA,H1823,TOC,8.5,2
HM5992,H1823_1300,2019,11.8,DF,NA,NA,F1,H1823,TOC,29.75,55.5
HM5996,H1823_1301,2019,9.6,AL,I,A,NA,H1823,TOC,28,51.5
HM6015,H1823_1307,2019,6.4,AS,S,B,NA,H1823,TOC,37.75,57.75
HM6019,H1823_1308,2019,30.9,AS,C,A,NA,H1823,TOC,31,58.25
HM6023,H1823_1309,2019,24.8,AS,C,A,NA,H1823,TOC,30.25,57.75
HM6025,H1823_131,2019,5.7,AS,S,A,NA,H1823,TOC,54.25,2.75
HM6029,H1823_1310,2019,21.1,AS,I,A,NA,H1823,TOC,32,57
HM6033,H1823_1311,2019,19,AL,I,B,NA,H1823,TOC,31,55.5
HM6036,H1823_1312,2019,18.4,DS,NA,NA,S4,H1823,TOC,31.75,56
HM6040,H1823_1313,2019,6.2,AS,S,B,NA,H1823,TOC,32.5,50.25
HM6044,H1823_1314,2019,7.5,DS,NA,NA,F1,H1823,TOC,32.5,51.25
HM6048,H1823_1315,2019,7.9,AS,S,A,NA,H1823,TOC,38.25,50.75
HM6052,H1823_1316,2019,23.9,AS,I,A,NA,H1823,TOC,39,52.5
HM6056,H1823_1317,2019,14,AL,S,A,NA,H1823,TOC,37.5,54
HM6064,H1823_1319,2019,30.5,AS,I,A,NA,H1823,TOC,36.75,51.75
HM6072,H1823_1320,2019,5.7,AL,S,B,NA,H1823,TOC,34.25,53.5
HM6076,H1823_1321,2019,10.2,AL,I,B,NA,H1823,TOC,34,54
HM6080,H1823_1322,2019,19.4,DF,NA,NA,F1,H1823,TOC,36,55.5
HM6084,H1823_1323,2019,16.9,AL,S,D,NA,H1823,TOC,36.5,55.75
HM6087,H1823_1324,2019,8.2,AS,S,C,NA,H1823,TOC,37,50.5
HM6091,H1823_1325,2019,13.3,AS,I,A,NA,H1823,TOC,36.5,56.5
HM6095,H1823_1326,2019,21.4,AS,I,A,NA,H1823,TOC,37.25,58.75
HM6098,H1823_1327,2019,6,AS,S,C,NA,H1823,TOC,37.5,58
HM6110,H1823_133,2019,24.5,AS,C,A,NA,H1823,TOC,53,8
HM6118,H1823_1331,2019,12.2,AS,S,A,NA,H1823,TOC,40.25,58.5
HM6124,H1823_1334,2019,5,AS,S,B,NA,H1823,TOC,47.75,51.5
HM6141,H1823_1339,2019,18.2,AS,I,A,NA,H1823,TOC,43,50.75
HM6148,H1823_1340,2019,28.2,AS,C,A,NA,H1823,TOC,48,50.75
HM6170,H1823_1347,2019,17.1,AS,I,A,NA,H1823,TOC,41,59.73
HM6174,H1823_1348,2019,7.7,AS,S,A,NA,H1823,TOC,41.75,59.25
HM6178,H1823_1349,2019,7.3,AS,S,B,NA,H1823,TOC,49,59.25
HM6185,H1823_1350,2019,11.6,AS,I,A,NA,H1823,TOC,48,59.75
HM6202,H1823_1355,2019,5.1,AL,S,A,NA,H1823,TOC,40.57,57.98
HM6210,H1823_1358,2019,12.3,AS,S,B,NA,H1823,TOC,50.5,51.25
HM6214,H1823_1359,2019,23.3,AS,I,A,NA,H1823,TOC,52,51.75
HM6230,H1823_1362,2019,31.2,AS,C,A,NA,H1823,TOC,53.5,53
HM6241,H1823_1365,2019,20.1,AL,I,B,NA,H1823,TOC,54.75,53
HM6270,H1823_1372,2019,29.5,AS,C,A,NA,H1823,TOC,55,58
HM6274,H1823_1373,2019,24.9,AS,C,A,NA,H1823,TOC,55.5,57.75
HM6278,H1823_1374,2019,9.4,AS,I,B,NA,H1823,TOC,59,52.5
HM6282,H1823_1375,2019,13.8,AS,I,A,NA,H1823,TOC,55.75,59
HM6285,H1823_1376,2019,8.5,AS,S,A,NA,H1823,TOC,56.5,59.5
HM6294,H1823_1379,2019,25.9,AS,I,A,NA,H1823,TOC,67,59
HM6298,H1823_138,2019,6.4,DF,NA,NA,F2,H1823,TOC,52.25,1
HM6305,H1823_1381,2019,34.1,AS,I,A,NA,H1823,TOC,68.25,56
HM6313,H1823_1383,2019,23.9,AS,I,A,NA,H1823,TOC,68.75,53.75
HM6324,H1823_1386,2019,9.5,DS,NA,NA,S1,H1823,TOC,62,50
HM6328,H1823_1387,2019,21.8,DF,NA,NA,F1,H1823,TOC,63.75,51.25
HM6332,H1823_1388,2019,9.5,DS,NA,NA,S1,H1823,TOC,62.5,52.75
HM6336,H1823_1389,2019,31.5,AS,I,A,NA,H1823,TOC,64.5,55
HM6340,H1823_139,2019,9.4,AS,S,B,NA,H1823,TOC,55,0.5
HM6344,H1823_1390,2019,14.3,AS,S,C,NA,H1823,TOC,62.75,57
HM6348,H1823_1391,2019,11.1,AS,S,C,NA,H1823,TOC,63.25,58.5
HM6352,H1823_1392,2019,7.5,AL,S,B,NA,H1823,TOC,61,58
HM6363,H1823_1396,2019,8,AS,S,A,NA,H1823,TOC,60.75,53
HM6369,H1823_1399,2019,5.3,AS,S,D,NA,H1823,TOC,63.25,58
HM6373,H1823_14,2019,15,AS,I,A,NA,H1823,TOC,7.5,2
HM6376,H1823_140,2019,26.2,AS,C,A,NA,H1823,TOC,59.75,0.75
HM6381,H1823_1401,2019,5.4,AS,S,A,NA,H1823,TOC,64.94,52.63
HM6385,H1823_1402,2019,26.3,AS,I,A,NA,H1823,TOC,71.75,50
HM6389,H1823_1403,2019,19.4,DF,NA,NA,F1,H1823,TOC,75,52.25
HM6393,H1823_1404,2019,23.1,AS,I,A,NA,H1823,TOC,74.5,52.5
HM6397,H1823_1405,2019,22.3,AS,I,A,NA,H1823,TOC,71.25,51
HM6401,H1823_1406,2019,16.9,AS,I,B,NA,H1823,TOC,70.5,50.75
HM6405,H1823_1407,2019,13,DF,NA,NA,F1,H1823,TOC,70.25,51
HM6409,H1823_1408,2019,17.7,AS,I,B,NA,H1823,TOC,70.75,52.25
HM6417,H1823_141,2019,18,DS,NA,NA,S1,H1823,TOC,57.25,3.25
HM6437,H1823_1414,2019,15.3,AF,S,C,NA,H1823,TOC,75,56
HM6444,H1823_1416,2019,32.2,AS,I,A,NA,H1823,TOC,77.75,55.75
HM6467,H1823_1421,2019,23.4,AS,I,B,NA,H1823,TOC,80.25,59.5
HM6471,H1823_1422,2019,20.2,AS,I,B,NA,H1823,TOC,82.25,59.5
HM6475,H1823_1423,2019,11.7,AL,S,C,NA,H1823,TOC,81,58.25
HM6479,H1823_1424,2019,29.5,AS,C,A,NA,H1823,TOC,81.75,57.75
HM6483,H1823_1425,2019,14.6,AB,S,E,NA,H1823,TOC,84,59
HM6487,H1823_1426,2019,14.1,AS,I,C,NA,H1823,TOC,84.75,58
HM6499,H1823_1429,2019,28.9,AS,C,A,NA,H1823,TOC,84,55.5
HM6502,H1823_143,2019,9.7,AL,S,B,NA,H1823,TOC,57.75,4.5
HM6506,H1823_1430,2019,9.2,AL,S,A,NA,H1823,TOC,87.75,59.75
HM6513,H1823_1432,2019,18.8,AS,I,B,NA,H1823,TOC,87.75,56.25
HM6517,H1823_1433,2019,33.2,AS,C,A,NA,H1823,TOC,89.5,56.5
HM6521,H1823_1434,2019,25.4,AS,C,A,NA,H1823,TOC,89.5,55.5
HM6525,H1823_1435,2019,11.1,AS,I,A,NA,H1823,TOC,89.75,54
HM6532,H1823_1437,2019,23,AS,C,B,NA,H1823,TOC,89.5,52
HM6536,H1823_1438,2019,24.5,AS,C,A,NA,H1823,TOC,89.75,51.5
HM6543,H1823_144,2019,14.3,DS,NA,NA,S4,H1823,TOC,59.5,5
HM6551,H1823_1441,2019,20.9,AS,I,A,NA,H1823,TOC,84.75,52
HM6555,H1823_1442,2019,26.8,AS,I,A,NA,H1823,TOC,84,52
HM6561,H1823_1444,2019,5.2,AS,S,C,NA,H1823,TOC,89.75,59.5
HM6564,H1823_1445,2019,6.7,AS,S,B,NA,H1823,TOC,99.5,50.5
HM6568,H1823_1446,2019,10.8,AS,I,A,NA,H1823,TOC,98.75,51.25
HM6571,H1823_1447,2019,9.5,AS,I,A,NA,H1823,TOC,97.75,51.75
HM6575,H1823_1448,2019,28.7,AS,C,A,NA,H1823,TOC,96,52.75
HM6579,H1823_1449,2019,17.4,AS,I,A,NA,H1823,TOC,93.5,52.75
HM6583,H1823_145,2019,12.7,AS,S,B,NA,H1823,TOC,59.5,6.5
HM6587,H1823_1450,2019,9.1,AS,S,B,NA,H1823,TOC,94,55.5
HM6591,H1823_1451,2019,24.9,AS,C,A,NA,H1823,TOC,92,52.75
HM6601,H1823_1454,2019,10,AS,I,A,NA,H1823,TOC,90.75,55.75
HM6608,H1823_1456,2019,8.2,AS,S,B,NA,H1823,TOC,91.75,59.75
HM6612,H1823_1457,2019,29.4,AS,C,B,NA,H1823,TOC,95.25,59.5
HM6627,H1823_1460,2019,6.8,AL,S,C,NA,H1823,TOC,97.75,56.5
HM6641,H1823_1468,2019,7.2,AL,S,A,NA,H1823,TOC,5.25,63.75
HM6648,H1823_147,2019,5.3,DF,NA,NA,F2,H1823,TOC,59,7
HM6652,H1823_1470,2019,29.3,AS,I,A,NA,H1823,TOC,3,60.25
HM6663,H1823_1473,2019,14.1,AS,I,A,NA,H1823,TOC,3,64
HM6685,H1823_148,2019,23.4,AS,C,A,NA,H1823,TOC,59,9
HM6752,H1823_15,2019,10.9,AS,I,A,NA,H1823,TOC,6.25,0.75
HM6753,H1823_150,2019,5.1,AS,S,A,NA,H1823,TOC,58.16,6.34
HM6780,H1823_151,2019,5.6,AS,S,A,NA,H1823,TOC,55.7,8.68
HM6819,H1823_152,2019,5.6,DS,NA,NA,S1,H1823,TOC,67,5
HM6849,H1823_1529,2019,21.8,AS,I,A,NA,H1823,TOC,26.5,67
HM6856,H1823_1530,2019,5.3,DS,NA,NA,S1,H1823,TOC,26,67.5
HM6860,H1823_1531,2019,5.2,AL,S,C,NA,H1823,TOC,25.5,68
HM6864,H1823_1532,2019,10.9,DF,NA,NA,S5,H1823,TOC,25.25,67.5
HM6868,H1823_1533,2019,50,AS,D,A,NA,H1823,TOC,27.5,68
HM6872,H1823_1534,2019,7.9,AS,S,A,NA,H1823,TOC,28.5,67.5
HM6876,H1823_1535,2019,6.9,AL,S,C,NA,H1823,TOC,29,67
HM6880,H1823_1536,2019,8.7,DS,NA,NA,S1,H1823,TOC,29.5,60.25
HM6884,H1823_1537,2019,14.1,AS,I,A,NA,H1823,TOC,24.75,61.5
HM6887,H1823_1538,2019,6.4,AL,S,C,NA,H1823,TOC,26,60
HM6891,H1823_1539,2019,24.1,AS,C,A,NA,H1823,TOC,24.75,60.25
HM6895,H1823_154,2019,6.8,AF,S,D,NA,H1823,TOC,60.5,8
HM6899,H1823_1540,2019,12.4,AS,I,A,NA,H1823,TOC,24,62
HM6903,H1823_1541,2019,16.6,AS,I,B,NA,H1823,TOC,23.75,61.5
HM6907,H1823_1542,2019,6.7,AS,S,D,NA,H1823,TOC,23.75,61.25
HM6910,H1823_1543,2019,15.5,AS,I,A,NA,H1823,TOC,22.75,60
HM6914,H1823_1544,2019,14.3,AS,I,A,NA,H1823,TOC,22.5,60.5
HM6918,H1823_1546,2019,7,AL,S,B,NA,H1823,TOC,31.5,69.75
HM6922,H1823_1548,2019,5.6,AL,S,B,NA,H1823,TOC,32.5,69.75
HM6930,H1823_1550,2019,7,AS,S,A,NA,H1823,TOC,39.75,64
HM6939,H1823_1553,2019,7.4,AS,S,C,NA,H1823,TOC,34,62.5
HM6955,H1823_1557,2019,14,AS,I,B,NA,H1823,TOC,34.75,67
HM6959,H1823_1558,2019,19.8,AS,I,A,NA,H1823,TOC,34.75,68
HM6963,H1823_1559,2019,9.3,AL,S,A,NA,H1823,TOC,36,67
HM6967,H1823_156,2019,12.1,AF,S,D,NA,H1823,TOC,62,3
HM6970,H1823_1560,2019,5,DS,NA,NA,S1,H1823,TOC,36.5,63.75
HM6973,H1823_1561,2019,5.7,AL,S,C,NA,H1823,TOC,36.5,66.25
HM6977,H1823_1562,2019,29.8,AL,I,A,NA,H1823,TOC,36,61
HM6985,H1823_1564,2019,13.7,AL,S,C,NA,H1823,TOC,33,61
HM7000,H1823_157,2019,33.7,AL,C,A,NA,H1823,TOC,62,1.25
HM7013,H1823_1573,2019,7.4,AL,S,B,NA,H1823,TOC,42.75,60.75
HM7024,H1823_1576,2019,10.3,AS,S,A,NA,H1823,TOC,46.5,62
HM7028,H1823_1577,2019,12,AS,I,A,NA,H1823,TOC,47.75,60.75
HM7032,H1823_1578,2019,6.5,AB,S,D,NA,H1823,TOC,47.75,60.5
HM7036,H1823_1579,2019,7.8,AS,S,B,NA,H1823,TOC,49,61.25
HM7040,H1823_158,2019,7.4,AF,S,C,NA,H1823,TOC,60.75,5.5
HM7044,H1823_1580,2019,20.9,AS,I,A,NA,H1823,TOC,50,60.75
HM7079,H1823_159,2019,15.7,AS,I,A,NA,H1823,TOC,64,8.5
HM7089,H1823_1593,2019,16.4,AS,I,A,NA,H1823,TOC,45.25,69.5
HM7110,H1823_16,2019,19.1,AS,I,A,NA,H1823,TOC,6,1
HM7114,H1823_160,2019,14.2,AS,S,A,NA,H1823,TOC,64.25,8
HM7120,H1823_1602,2019,6.1,AS,S,B,NA,H1823,TOC,58.25,64.5
HM7128,H1823_1606,2019,5.6,AL,S,D,NA,H1823,TOC,52.25,60
HM7138,H1823_161,2019,23.8,AS,C,A,NA,H1823,TOC,68,9
HM7154,H1823_1613,2019,6.7,AS,S,B,NA,H1823,TOC,53.75,69.75
HM7158,H1823_1614,2019,10.5,AS,I,B,NA,H1823,TOC,57,68.5
HM7162,H1823_1615,2019,11.1,AS,S,B,NA,H1823,TOC,59,68.75
HM7178,H1823_1619,2019,10.5,AS,I,A,NA,H1823,TOC,53,68
HM7182,H1823_162,2019,20.3,AS,C,A,NA,H1823,TOC,67.75,8
HM7186,H1823_1620,2019,5.8,AS,S,D,NA,H1823,TOC,53,68.5
HM7190,H1823_1621,2019,10,AS,I,A,NA,H1823,TOC,52.5,68.25
HM7202,H1823_1624,2019,14.7,AS,I,A,NA,H1823,TOC,52,62
HM7206,H1823_1625,2019,15.9,AS,I,A,NA,H1823,TOC,51.25,61.5
HM7225,H1823_163,2019,7.9,AS,S,A,NA,H1823,TOC,65.75,7.5
HM7236,H1823_1633,2019,35.8,AS,I,A,NA,H1823,TOC,69.75,60.5
HM7240,H1823_1634,2019,14.8,AS,I,B,NA,H1823,TOC,69.75,61
HM7248,H1823_1636,2019,11.4,AL,S,D,NA,H1823,TOC,67,62.25
HM7251,H1823_1637,2019,6,AL,S,D,NA,H1823,TOC,66.5,61.5
HM7255,H1823_1638,2019,11.8,AS,I,B,NA,H1823,TOC,64.5,60
HM7267,H1823_1640,2019,15.2,AS,I,A,NA,H1823,TOC,64.5,63
HM7280,H1823_1644,2019,6.3,AS,S,B,NA,H1823,TOC,62,60.75
HM7283,H1823_1645,2019,5.4,DF,NA,NA,F1,H1823,TOC,62.25,63.75
HM7295,H1823_1648,2019,29,DF,NA,NA,F1,H1823,TOC,68.75,67.25
HM7311,H1823_1651,2019,24.5,AL,I,A,NA,H1823,TOC,66.5,69.25
HM7319,H1823_1653,2019,21.2,AL,S,B,NA,H1823,TOC,64,67
HM7323,H1823_1654,2019,33.1,AS,I,A,NA,H1823,TOC,62,68.75
HM7327,H1823_1655,2019,23.9,AS,I,A,NA,H1823,TOC,61,67
HM7331,H1823_1656,2019,18.6,AL,I,A,NA,H1823,TOC,62,64
HM7333,H1823_1657,2019,5,AS,S,B,NA,H1823,TOC,66,63
HM7340,H1823_166,2019,5.8,AS,S,A,NA,H1823,TOC,67.9,0
HM7345,H1823_1661,2019,5.9,AS,S,B,NA,H1823,TOC,65.39,65.14
HM7349,H1823_1662,2019,16.1,DS,NA,NA,S4,H1823,TOC,75,60
HM7361,H1823_1665,2019,15.6,AS,I,A,NA,H1823,TOC,74.25,60.75
HM7365,H1823_1666,2019,32.5,AS,C,A,NA,H1823,TOC,73.25,61
HM7377,H1823_167,2019,5.2,AS,S,A,NA,H1823,TOC,66.85,0
HM7381,H1823_1670,2019,27.8,AS,I,B,NA,H1823,TOC,73,63.75
HM7385,H1823_1671,2019,22.1,AS,I,A,NA,H1823,TOC,71.5,65
HM7389,H1823_1672,2019,20,AS,I,A,NA,H1823,TOC,72,67
HM7393,H1823_1673,2019,8.3,AS,S,B,NA,H1823,TOC,70.25,67.5
HM7401,H1823_1675,2019,18.7,AS,I,B,NA,H1823,TOC,73.5,68
HM7409,H1823_1677,2019,23.8,AS,I,A,NA,H1823,TOC,76,65.75
HM7417,H1823_1679,2019,24.9,AS,I,A,NA,H1823,TOC,77,68
HM7418,H1823_168,2019,6.3,AS,S,A,NA,H1823,TOC,68.27,4.1
HM7438,H1823_1684,2019,6.2,AS,S,C,NA,H1823,TOC,77,65.25
HM7442,H1823_1685,2019,24.4,AS,C,A,NA,H1823,TOC,79.5,61.25
HM7446,H1823_1686,2019,26.7,AS,C,A,NA,H1823,TOC,79,61
HM7454,H1823_1688,2019,13.3,DS,NA,NA,S1,H1823,TOC,77,63
HM7459,H1823_169,2019,6,AS,S,A,NA,H1823,TOC,68.33,5.71
HM7463,H1823_1691,2019,5,DS,NA,NA,S1,H1823,TOC,73.75,69.75
HM7479,H1823_1695,2019,23.7,AS,I,B,NA,H1823,TOC,80.75,68.75
HM7483,H1823_1696,2019,19.6,AS,I,A,NA,H1823,TOC,80.25,66.75
HM7487,H1823_1697,2019,28.1,AS,C,A,NA,H1823,TOC,82.75,69.25
HM7491,H1823_1698,2019,5.7,DS,NA,NA,S1,H1823,TOC,82.75,69
HM7499,H1823_17,2019,19.5,AS,C,A,NA,H1823,TOC,0.75,0.75
HM7500,H1823_170,2019,5.3,AS,S,A,NA,H1823,TOC,68.48,6.68
HM7504,H1823_1700,2019,32.5,AS,I,A,NA,H1823,TOC,83.75,67
HM7507,H1823_1701,2019,5.5,AS,S,E,NA,H1823,TOC,85.75,67
HM7515,H1823_1703,2019,14.7,AS,I,A,NA,H1823,TOC,89,67.75
HM7523,H1823_1705,2019,22.8,AS,I,A,NA,H1823,TOC,88.75,65.5
HM7527,H1823_1706,2019,17.2,AL,I,B,NA,H1823,TOC,89.25,65
HM7535,H1823_1708,2019,30.4,AL,C,B,NA,H1823,TOC,87.75,65
HM7550,H1823_1711,2019,6.4,AL,S,A,NA,H1823,TOC,88.75,61.5
HM7569,H1823_1716,2019,31.4,AS,C,A,NA,H1823,TOC,85.5,62
HM7577,H1823_1718,2019,6.4,AS,S,C,NA,H1823,TOC,84,65
HM7581,H1823_1719,2019,7.3,AS,S,B,NA,H1823,TOC,83.5,61.5
HM7589,H1823_1720,2019,9.6,AS,I,B,NA,H1823,TOC,82.5,61.75
HM7593,H1823_1721,2019,13.1,AS,I,B,NA,H1823,TOC,81.5,64.25
HM7599,H1823_1723,2019,5.4,AS,S,D,NA,H1823,TOC,84,64.75
HM7604,H1823_1725,2019,26.8,AS,C,A,NA,H1823,TOC,98.25,63
HM7615,H1823_1728,2019,24.8,AS,C,A,NA,H1823,TOC,94.5,60.5
HM7619,H1823_1729,2019,25.1,AS,C,A,NA,H1823,TOC,94,60.5
HM7623,H1823_173,2019,17.9,AS,I,A,NA,H1823,TOC,70.75,9.75
HM7627,H1823_1730,2019,7.8,AL,S,C,NA,H1823,TOC,93.75,60.5
HM7650,H1823_1736,2019,33,AS,C,A,NA,H1823,TOC,92.5,64
HM7665,H1823_174,2019,8.7,AS,S,A,NA,H1823,TOC,71.5,9
HM7669,H1823_1740,2019,31.8,AS,C,A,NA,H1823,TOC,91.5,68
HM7673,H1823_1741,2019,27.9,AS,C,A,NA,H1823,TOC,96,67
HM7677,H1823_1742,2019,23,AS,C,A,NA,H1823,TOC,93,69
HM7690,H1823_1746,2019,6.7,AS,S,A,NA,H1823,TOC,99.75,65.75
HM7692,H1823_1747,2019,6.4,AS,S,B,NA,H1823,TOC,99.5,67.5
HM7701,H1823_175,2019,6,AS,S,B,NA,H1823,TOC,71.25,8.5
HM7734,H1823_176,2019,10.6,AS,S,A,NA,H1823,TOC,71,6
HM7770,H1823_177,2019,7.7,AS,S,B,NA,H1823,TOC,71,8
HM7804,H1823_178,2019,10.8,DS,NA,NA,F1,H1823,TOC,72.25,9.25
HM7812,H1823_1781,2019,12.7,AS,S,A,NA,H1823,TOC,30,79.5
HM7834,H1823_1787,2019,10.6,AS,S,C,NA,H1823,TOC,23.5,74.5
HM7842,H1823_1789,2019,11.3,AS,S,B,NA,H1823,TOC,24,71.5
HM7846,H1823_179,2019,11.6,DS,NA,NA,S4,H1823,TOC,73,9
HM7850,H1823_1790,2019,30.8,AS,C,A,NA,H1823,TOC,23.5,72.5
HM7854,H1823_1791,2019,37.5,AS,C,A,NA,H1823,TOC,25,73
HM7880,H1823_18,2019,5.9,AS,S,B,NA,H1823,TOC,0.75,1
HM7887,H1823_1801,2019,6.2,AL,S,B,NA,H1823,TOC,35,74.5
HM7900,H1823_1805,2019,29.9,AS,C,A,NA,H1823,TOC,31,78
HM7908,H1823_1807,2019,9.4,AS,S,A,NA,H1823,TOC,36,72.5
HM7911,H1823_1808,2019,6.4,AS,S,B,NA,H1823,TOC,32.75,71.25
HM7915,H1823_1809,2019,9.4,AS,S,A,NA,H1823,TOC,33.5,71
HM7919,H1823_181,2019,6.3,AL,S,B,NA,H1823,TOC,73,7.5
HM7923,H1823_1810,2019,12,AS,I,A,NA,H1823,TOC,34.75,71
HM7927,H1823_1811,2019,34.1,DS,NA,NA,S5,H1823,TOC,35,72
HM7931,H1823_1812,2019,12,AS,I,A,NA,H1823,TOC,36,70.5
HM7947,H1823_1817,2019,11.3,AL,S,C,NA,H1823,TOC,45,70.5
HM7957,H1823_182,2019,6.1,AF,S,B,NA,H1823,TOC,73.5,6.75
HM7976,H1823_1824,2019,6.6,AL,S,A,NA,H1823,TOC,46,71.5
HM7984,H1823_1826,2019,29.9,AS,C,A,NA,H1823,TOC,45,70.5
HM8001,H1823_1830,2019,20.4,AS,I,B,NA,H1823,TOC,49,76
HM8005,H1823_1831,2019,19.6,AS,I,A,NA,H1823,TOC,46.5,75
HM8013,H1823_1833,2019,13.7,AS,I,A,NA,H1823,TOC,49,78.5
HM8017,H1823_1834,2019,14.1,AS,I,A,NA,H1823,TOC,45.5,79.25
HM8021,H1823_1835,2019,8.3,AL,S,A,NA,H1823,TOC,45,76
HM8029,H1823_1837,2019,7.6,AS,S,B,NA,H1823,TOC,42.25,77.25
HM8033,H1823_1838,2019,16,AS,I,B,NA,H1823,TOC,44,77
HM8041,H1823_184,2019,17.5,AS,I,A,NA,H1823,TOC,75,6.5
HM8112,H1823_1858,2019,9.9,AL,S,A,NA,H1823,TOC,51,79
HM8119,H1823_186,2019,19.4,AS,I,A,NA,H1823,TOC,79,7.75
HM8127,H1823_1861,2019,8.5,AS,S,B,NA,H1823,TOC,54,75.5
HM8145,H1823_1866,2019,29.4,AS,C,A,NA,H1823,TOC,59.75,76.5
HM8157,H1823_1869,2019,7.7,AS,S,C,NA,H1823,TOC,55.5,70.75
HM8163,H1823_1870,2019,23.7,AS,C,A,NA,H1823,TOC,55,70.5
HM8167,H1823_1871,2019,7,AS,S,A,NA,H1823,TOC,55.5,71.75
HM8171,H1823_1872,2019,9.6,AS,S,A,NA,H1823,TOC,55.5,74.25
HM8175,H1823_1873,2019,18.4,AS,I,A,NA,H1823,TOC,55,74.75
HM8186,H1823_1876,2019,6.9,AL,S,D,NA,H1823,TOC,50.5,73
HM8190,H1823_1877,2019,16.4,AS,I,A,NA,H1823,TOC,50.25,71.75
HM8194,H1823_1878,2019,20.7,DS,NA,NA,S1,H1823,TOC,69.5,70
HM8198,H1823_1879,2019,10.9,AS,I,A,NA,H1823,TOC,69.5,71.25
HM8203,H1823_1880,2019,9.9,AS,I,A,NA,H1823,TOC,69.75,72.25
HM8208,H1823_1882,2019,9.2,AS,S,A,NA,H1823,TOC,69.75,74
HM8211,H1823_1883,2019,7.5,AS,S,B,NA,H1823,TOC,69.5,75
HM8223,H1823_1886,2019,8.6,AS,S,B,NA,H1823,TOC,63.25,78.75
HM8227,H1823_1887,2019,10.7,AS,S,B,NA,H1823,TOC,63,78
HM8235,H1823_1889,2019,14.8,AS,I,A,NA,H1823,TOC,66.25,77.25
HM8241,H1823_1890,2019,11.4,AS,I,B,NA,H1823,TOC,67,76.5
HM8245,H1823_1891,2019,13.6,AS,I,A,NA,H1823,TOC,66,74.5
HM8249,H1823_1892,2019,19,AS,I,A,NA,H1823,TOC,65.25,73
HM8277,H1823_19,2019,24.9,AS,C,A,NA,H1823,TOC,0.25,1.5
HM8291,H1823_1903,2019,6.2,AS,S,B,NA,H1823,TOC,62.25,77
HM8293,H1823_1904,2019,5.7,AS,S,A,NA,H1823,TOC,70,79.25
HM8295,H1823_1905,2019,7.9,AS,I,A,NA,H1823,TOC,67.75,77
HM8297,H1823_1906,2019,5.4,AS,S,B,NA,H1823,TOC,68.5,74.75
HM8319,H1823_1912,2019,21.2,DS,NA,NA,S1,H1823,TOC,70.25,73.75
HM8323,H1823_1913,2019,19,AS,I,A,NA,H1823,TOC,72.5,72.5
HM8327,H1823_1914,2019,27,AS,I,A,NA,H1823,TOC,73.25,76.75
HM8330,H1823_1915,2019,6.9,AS,S,B,NA,H1823,TOC,75.25,78.5
HM8333,H1823_1916,2019,7.5,AS,S,C,NA,H1823,TOC,71,79.75
HM8355,H1823_1921,2019,26.9,AL,I,B,NA,H1823,TOC,79.75,77
HM8370,H1823_1925,2019,10.5,AS,I,B,NA,H1823,TOC,75.75,72.5
HM8374,H1823_1926,2019,16.8,AS,I,B,NA,H1823,TOC,75,73.75
HM8378,H1823_1927,2019,20.7,AS,I,B,NA,H1823,TOC,75,70
HM8382,H1823_1928,2019,16.4,AS,C,B,NA,H1823,TOC,74.75,70.5
HM8395,H1823_1932,2019,5,AS,S,D,NA,H1823,TOC,75.75,72.25
HM8422,H1823_1940,2019,5.1,AS,S,A,NA,H1823,TOC,72.45,75.53
HM8441,H1823_1945,2019,29.1,AS,C,A,NA,H1823,TOC,85,76.5
HM8453,H1823_1948,2019,23.2,AL,I,C,NA,H1823,TOC,88.75,74.75
HM8483,H1823_1955,2019,28.9,AS,C,A,NA,H1823,TOC,86.25,70.25
HM8491,H1823_1957,2019,25.9,AL,I,A,NA,H1823,TOC,81.25,71
HM8495,H1823_1958,2019,10.2,AS,S,A,NA,H1823,TOC,81.75,71.75
HM8499,H1823_1959,2019,12.6,AS,S,A,NA,H1823,TOC,82.5,76
HM8506,H1823_1960,2019,7.7,AS,S,B,NA,H1823,TOC,80.25,79
HM8508,H1823_1961,2019,5.3,AS,S,B,NA,H1823,TOC,83,77
HM8510,H1823_1962,2019,5.2,AS,S,C,NA,H1823,TOC,83.75,71.25
HM8514,H1823_1964,2019,5,DS,NA,NA,S1,H1823,TOC,86.75,70.5
HM8560,H1823_1975,2019,22.7,AS,C,A,NA,H1823,TOC,95.75,71
HM8568,H1823_1977,2019,28.4,AS,C,A,NA,H1823,TOC,93.5,72.25
HM8572,H1823_1978,2019,11.4,AS,I,B,NA,H1823,TOC,96,73.75
HM8591,H1823_1982,2019,21.3,AS,I,A,NA,H1823,TOC,91.5,78
HM8603,H1823_1985,2019,12.8,AS,I,B,NA,H1823,TOC,93,79
HM8607,H1823_1986,2019,8.9,AS,I,A,NA,H1823,TOC,93.5,78.25
HM8611,H1823_1987,2019,9.3,AS,I,C,NA,H1823,TOC,93.75,78.25
HM8615,H1823_1988,2019,12.9,AS,I,B,NA,H1823,TOC,95.25,77
HM8618,H1823_1989,2019,5.6,AS,S,C,NA,H1823,TOC,95,76.5
HM8623,H1823_1990,2019,25.4,AS,C,A,NA,H1823,TOC,98,76
HM8627,H1823_1991,2019,29.3,AS,C,A,NA,H1823,TOC,99.75,76.25
HM8651,H1823_2,2019,7.2,AS,S,B,NA,H1823,TOC,7,3
HM8676,H1823_2006,2019,42.5,AS,D,A,NA,H1823,TOC,1.75,88.5
HM8709,H1823_2018,2019,16.6,AS,I,A,NA,H1823,TOC,20,83.5
HM8713,H1823_2019,2019,28.2,AS,C,B,NA,H1823,TOC,19.75,81.75
HM8721,H1823_2020,2019,35.4,AS,C,A,NA,H1823,TOC,18,83
HM8777,H1823_204,2019,7,AS,S,B,NA,H1823,TOC,86,9.25
HM8835,H1823_2054,2019,9.3,AL,S,C,NA,H1823,TOC,20.5,80.5
HM8839,H1823_2055,2019,6,AL,S,C,NA,H1823,TOC,21,81.5
HM8843,H1823_2056,2019,29.3,AS,D,A,NA,H1823,TOC,22,82
HM8847,H1823_2057,2019,26.8,AS,C,A,NA,H1823,TOC,23,83.5
HM8851,H1823_2058,2019,28.5,AS,D,A,NA,H1823,TOC,22.75,80.75
HM8861,H1823_2061,2019,5,AS,S,B,NA,H1823,TOC,25.08,85.6
HM8875,H1823_2065,2019,23.2,AS,C,A,NA,H1823,TOC,33.5,87.5
HM8879,H1823_2066,2019,32.8,AS,C,A,NA,H1823,TOC,35,86.76
HM8883,H1823_2067,2019,31.7,AS,C,A,NA,H1823,TOC,36,88.5
HM8906,H1823_2073,2019,24.7,AS,C,A,NA,H1823,TOC,34,81.25
HM8909,H1823_2074,2019,7.5,AS,S,A,NA,H1823,TOC,34,81.75
HM8917,H1823_2077,2019,9.9,AS,S,A,NA,H1823,TOC,41,80.25
HM8919,H1823_2078,2019,5.9,AS,S,B,NA,H1823,TOC,43,80.25
HM8939,H1823_2083,2019,8.3,AS,S,A,NA,H1823,TOC,50,89
HM8998,H1823_21,2019,5.5,AS,S,A,NA,H1823,TOC,4.81,2.35
HM9036,H1823_2109,2019,9.1,AS,I,B,NA,H1823,TOC,58,81
HM9038,H1823_211,2019,9.6,AS,S,A,NA,H1823,TOC,81.25,5.75
HM9042,H1823_2110,2019,5.8,AF,S,A,NA,H1823,TOC,58.5,83
HM9059,H1823_2115,2019,6.7,DS,NA,NA,S1,H1823,TOC,55.75,89
HM9062,H1823_2116,2019,5.3,AL,S,C,NA,H1823,TOC,56,89.75
HM9066,H1823_2117,2019,11.3,DF,NA,NA,F2,H1823,TOC,53.5,89.5
HM9096,H1823_2124,2019,8,AS,S,B,NA,H1823,TOC,66.5,81.5
HM9104,H1823_2126,2019,26.9,AL,I,A,NA,H1823,TOC,70,80
HM9108,H1823_2127,2019,11.7,AS,I,B,NA,H1823,TOC,68,83.5
HM9111,H1823_2128,2019,8.2,AS,S,B,NA,H1823,TOC,69.75,84.75
HM9125,H1823_2131,2019,15,AS,I,B,NA,H1823,TOC,64.5,86
HM9132,H1823_2133,2019,8.4,AS,S,A,NA,H1823,TOC,65,88.25
HM9136,H1823_2134,2019,7.3,DS,NA,NA,S1,H1823,TOC,62.75,88.25
HM9140,H1823_2135,2019,16,AS,I,A,NA,H1823,TOC,61.5,88.5
HM9148,H1823_2137,2019,5.8,DS,NA,NA,S1,H1823,TOC,60.75,87.75
HM9156,H1823_2139,2019,6.7,DF,NA,NA,F1,H1823,TOC,61.5,86.75
HM9170,H1823_2142,2019,20.7,AS,I,A,NA,H1823,TOC,61.25,82
HM9173,H1823_2143,2019,6.1,AS,S,A,NA,H1823,TOC,60.75,81
HM9175,H1823_2144,2019,7.2,AL,S,B,NA,H1823,TOC,64,88
HM9177,H1823_2145,2019,5,DF,NA,NA,F1,H1823,TOC,61.5,87
HM9179,H1823_2146,2019,5.2,AL,S,B,NA,H1823,TOC,62,81.5
HM9181,H1823_2147,2019,6.1,AL,S,B,NA,H1823,TOC,67,89
HM9184,H1823_2149,2019,5.3,AL,S,A,NA,H1823,TOC,65.25,83.5
HM9241,H1823_2163,2019,22.6,AS,I,A,NA,H1823,TOC,70.25,83
HM9244,H1823_2164,2019,12.6,AS,I,A,NA,H1823,TOC,71.5,89.75
HM9247,H1823_2165,2019,5.8,DS,NA,NA,S1,H1823,TOC,71.75,89.75
HM9258,H1823_2168,2019,13.7,AS,S,A,NA,H1823,TOC,78.75,83
HM9262,H1823_2169,2019,9.7,AS,S,C,NA,H1823,TOC,78,81.75
HM9268,H1823_2170,2019,11.4,AS,S,B,NA,H1823,TOC,77.25,81
HM9272,H1823_2171,2019,15.8,AS,I,A,NA,H1823,TOC,77,82.5
HM9275,H1823_2172,2019,13,AS,I,A,NA,H1823,TOC,76,81.75
HM9279,H1823_2173,2019,5.5,DS,NA,NA,S1,H1823,TOC,76,82
HM9283,H1823_2174,2019,7.3,AS,S,C,NA,H1823,TOC,75,83.25
HM9287,H1823_2175,2019,5.6,DS,NA,NA,S1,H1823,TOC,74.75,82.5
HM9291,H1823_2176,2019,17.4,AS,I,A,NA,H1823,TOC,74.75,82.25
HM9295,H1823_2177,2019,5.4,DS,NA,NA,S1,H1823,TOC,74,82
HM9299,H1823_2178,2019,6.8,AS,S,C,NA,H1823,TOC,73.5,83
HM9303,H1823_2179,2019,12.8,AS,I,B,NA,H1823,TOC,72.75,81.75
HM9305,H1823_218,2019,9.4,AS,S,A,NA,H1823,TOC,84,8.75
HM9332,H1823_2186,2019,12.1,AL,S,B,NA,H1823,TOC,70.75,85.75
HM9334,H1823_2187,2019,5.5,AS,S,C,NA,H1823,TOC,70.5,84
HM9338,H1823_2189,2019,5.6,AS,S,D,NA,H1823,TOC,72.75,88
HM9389,H1823_2201,2019,15.2,AS,I,A,NA,H1823,TOC,87,81.75
HM9393,H1823_2202,2019,20.6,AS,I,A,NA,H1823,TOC,87,82.75
HM9397,H1823_2203,2019,9.5,AS,S,A,NA,H1823,TOC,86.75,83.5
HM9401,H1823_2204,2019,13.5,AS,I,A,NA,H1823,TOC,87.75,83.25
HM9409,H1823_2206,2019,12.8,AS,I,B,NA,H1823,TOC,88,80.75
HM9419,H1823_2209,2019,5.2,DF,NA,NA,F2,H1823,TOC,86.5,81.25
HM9438,H1823_2216,2019,7.2,AS,S,A,NA,H1823,TOC,98,80.25
HM9452,H1823_2220,2019,26.4,AS,I,A,NA,H1823,TOC,93.75,81
HM9468,H1823_2224,2019,7.4,AS,S,C,NA,H1823,TOC,91.5,82
HM9479,H1823_2227,2019,5.9,AS,S,B,NA,H1823,TOC,93,85.25
HM9482,H1823_2228,2019,9.6,AS,S,A,NA,H1823,TOC,93.75,86.25
HM9486,H1823_2229,2019,25.7,AS,C,A,NA,H1823,TOC,94.75,85.75
HM9495,H1823_2231,2019,17.8,AS,I,A,NA,H1823,TOC,97,85
HM9498,H1823_2232,2019,8,AS,S,D,NA,H1823,TOC,98.25,86.25
HM9501,H1823_2233,2019,8.5,AS,S,A,NA,H1823,TOC,98,87.25
HM9504,H1823_2234,2019,12.3,AS,I,A,NA,H1823,TOC,97,88
HM9508,H1823_2235,2019,6.2,AS,S,A,NA,H1823,TOC,94,87.5
HM9512,H1823_2236,2019,8.5,AS,S,A,NA,H1823,TOC,93.5,88.25
HM9516,H1823_2237,2019,5.1,DS,NA,NA,S1,H1823,TOC,93.25,88
HM9531,H1823_2240,2019,25.2,AS,C,A,NA,H1823,TOC,90.75,88.25
HM9533,H1823_2241,2019,7.6,AS,S,A,NA,H1823,TOC,99.75,89.75
HM9539,H1823_2244,2019,9.4,AS,I,B,NA,H1823,TOC,98,83
HM9541,H1823_2245,2019,6.1,AS,S,B,NA,H1823,TOC,91,86.75
HM9568,H1823_2252,2019,35.3,AS,C,A,NA,H1823,TOC,4.75,90.25
HM9645,H1823_2276,2019,5.5,AS,S,D,NA,H1823,TOC,23.75,97
HM9670,H1823_2282,2019,10.8,AS,I,B,NA,H1823,TOC,25.25,99.25
HM9674,H1823_2283,2019,15.1,AS,C,A,NA,H1823,TOC,26,98.5
HM9678,H1823_2284,2019,19.5,AS,I,A,NA,H1823,TOC,26,97
HM9682,H1823_2285,2019,37,AS,C,A,NA,H1823,TOC,22.75,97
HM9686,H1823_2286,2019,14.6,AL,I,B,NA,H1823,TOC,24,96
HM9708,H1823_2292,2019,21.3,AS,I,A,NA,H1823,TOC,36,91.75
HM9712,H1823_2293,2019,14.3,AS,I,A,NA,H1823,TOC,36,94
HM9736,H1823_23,2019,6,AS,S,B,NA,H1823,TOC,4.6,7.38
HM9753,H1823_2304,2019,20,AS,I,A,NA,H1823,TOC,50,92.5
HM9757,H1823_2305,2019,12.4,AS,I,B,NA,H1823,TOC,49,99
HM9779,H1823_2310,2019,12.8,AS,I,B,NA,H1823,TOC,43.75,94
HM9783,H1823_2311,2019,18.6,AS,I,A,NA,H1823,TOC,42.75,91.25
HM9787,H1823_2312,2019,13.7,AS,I,B,NA,H1823,TOC,41.75,91.5
HM9791,H1823_2313,2019,36.3,AS,C,A,NA,H1823,TOC,41.75,94.5
HM9799,H1823_2315,2019,19.7,AL,S,C,NA,H1823,TOC,41,94.75
HM9810,H1823_2319,2019,9.4,AS,S,C,NA,H1823,TOC,41,94.75
HM9814,H1823_2321,2019,13.4,AS,S,C,NA,H1823,TOC,41.75,94.5
HM9828,H1823_2325,2019,24.7,AL,I,A,NA,H1823,TOC,52.75,90
HM9832,H1823_2326,2019,10.5,AS,S,A,NA,H1823,TOC,52.75,94
HM9836,H1823_2327,2019,13.8,AS,I,B,NA,H1823,TOC,53,92.25
HM9843,H1823_2329,2019,6.6,AS,S,C,NA,H1823,TOC,54,91
HM9849,H1823_2330,2019,24.6,AS,C,A,NA,H1823,TOC,56,91
HM9857,H1823_2332,2019,14.4,AS,I,B,NA,H1823,TOC,59,96.25
HM9861,H1823_2333,2019,16.7,AS,I,B,NA,H1823,TOC,59,96.75
HM9872,H1823_2336,2019,5.9,AS,S,B,NA,H1823,TOC,59.25,98.5
HM9883,H1823_2339,2019,15.6,AS,I,A,NA,H1823,TOC,57.75,99.75
HM9889,H1823_2340,2019,14.9,AS,I,A,NA,H1823,TOC,55.25,94.5
HM9913,H1823_2347,2019,17.6,AS,I,A,NA,H1823,TOC,61.25,91.75
HM9917,H1823_2348,2019,27.9,AS,I,A,NA,H1823,TOC,61,93.75
HM9921,H1823_2349,2019,17.1,AS,I,B,NA,H1823,TOC,61.5,95
HM9929,H1823_2351,2019,6,AS,S,D,NA,H1823,TOC,69,99.75
HM9933,H1823_2352,2019,32,AS,C,A,NA,H1823,TOC,69.5,98.5
HM9937,H1823_2353,2019,11,AS,S,A,NA,H1823,TOC,68.75,95
HM9944,H1823_2356,2019,5.2,AS,S,B,NA,H1823,TOC,60.5,94.75
HM9946,H1823_2357,2019,5.6,AL,S,B,NA,H1823,TOC,70,92.75
HM9969,H1823_2363,2019,5.4,AL,S,B,NA,H1823,TOC,61.82,99.45
HM9974,H1823_2365,2019,8.6,AS,S,C,NA,H1823,TOC,72.5,90
HM9982,H1823_2367,2019,27.2,AS,I,A,NA,H1823,TOC,74.25,91.25
HM9985,H1823_2368,2019,7.3,DS,NA,NA,S1,H1823,TOC,71.75,92
HM9989,H1823_2369,2019,7.7,AS,S,D,NA,H1823,TOC,70.5,93.5
HM9995,H1823_2370,2019,32.5,AS,I,B,NA,H1823,TOC,70.25,95
HM10003,H1823_2372,2019,5.5,DS,NA,NA,S1,H1823,TOC,71.25,97.25
HM10007,H1823_2373,2019,12.7,AS,I,C,NA,H1823,TOC,71.75,98
HM10011,H1823_2374,2019,14.1,AS,I,B,NA,H1823,TOC,71.25,99.75
HM10015,H1823_2375,2019,15.5,AS,I,B,NA,H1823,TOC,72.5,97.25
HM10019,H1823_2376,2019,26.7,AS,C,A,NA,H1823,TOC,74,95.75
HM10023,H1823_2377,2019,17.6,AS,I,A,NA,H1823,TOC,75,94.5
HM10027,H1823_2378,2019,8.9,AF,S,C,NA,H1823,TOC,75.5,94.5
HM10036,H1823_2380,2019,22.8,AS,C,A,NA,H1823,TOC,79,95.75
HM10040,H1823_2381,2019,9.3,AS,I,C,NA,H1823,TOC,78,98
HM10044,H1823_2382,2019,17.2,AS,I,A,NA,H1823,TOC,79.5,98.25
HM10052,H1823_2384,2019,17.1,AS,I,A,NA,H1823,TOC,77.5,99.25
HM10056,H1823_2385,2019,12.6,AS,I,A,NA,H1823,TOC,75.5,99
HM10060,H1823_2386,2019,7.4,AL,S,C,NA,H1823,TOC,76.5,97
HM10064,H1823_2387,2019,12.8,AS,C,A,NA,H1823,TOC,77,95.5
HM10068,H1823_2388,2019,12.3,DS,NA,NA,S4,H1823,TOC,79.75,93.5
HM10074,H1823_2390,2019,5.4,AS,S,C,NA,H1823,TOC,79.5,94
HM10079,H1823_2392,2019,6.4,AS,S,B,NA,H1823,TOC,70,97.2
HM10083,H1823_2393,2019,14.4,AS,I,A,NA,H1823,TOC,84,93.5
HM10087,H1823_2394,2019,10.3,AS,I,C,NA,H1823,TOC,83.75,93.75
HM10090,H1823_2395,2019,7.5,AL,S,B,NA,H1823,TOC,84.25,94.5
HM10094,H1823_2396,2019,8.4,DS,NA,NA,S1,H1823,TOC,82,98
HM10098,H1823_2397,2019,13.4,AS,I,A,NA,H1823,TOC,82,99.75
HM10102,H1823_2398,2019,13.3,AB,I,D,NA,H1823,TOC,88.75,97.5
HM10106,H1823_2399,2019,16.8,AS,I,A,NA,H1823,TOC,89.5,95.5
HM10114,H1823_2400,2019,18.1,DS,NA,NA,S4,H1823,TOC,89.75,93.5
HM10118,H1823_2401,2019,10,AL,I,A,NA,H1823,TOC,88,95
HM10122,H1823_2402,2019,20.4,AS,I,A,NA,H1823,TOC,87.5,94
HM10134,H1823_2405,2019,29.4,AS,I,A,NA,H1823,TOC,88,90.25
HM10141,H1823_2407,2019,22.5,AS,I,A,NA,H1823,TOC,85,95
HM10145,H1823_2408,2019,9,DF,NA,NA,F1,H1823,TOC,86,90.25
HM10147,H1823_2409,2019,5.9,AS,S,C,NA,H1823,TOC,84,99.75
HM10155,H1823_2412,2019,10,AS,S,A,NA,H1823,TOC,88,90.25
HM10159,H1823_2413,2019,6.7,DS,NA,NA,S1,H1823,TOC,90,98.75
HM10165,H1823_2415,2019,20.1,AS,I,A,NA,H1823,TOC,92,95.5
HM10186,H1823_2420,2019,10.9,AS,I,A,NA,H1823,TOC,93,93.5
HM10202,H1823_2424,2019,10.3,AB,S,C,NA,H1823,TOC,99,95
HM10209,H1823_2426,2019,10.3,AS,S,B,NA,H1823,TOC,98,96
HM10213,H1823_2427,2019,18.2,AS,I,A,NA,H1823,TOC,97.5,95.5
HM10217,H1823_2428,2019,18.6,AS,I,C,NA,H1823,TOC,97.25,95.25
HM10221,H1823_2429,2019,11.7,AS,I,B,NA,H1823,TOC,95,95
HM10227,H1823_2430,2019,8.1,DS,NA,NA,S1,H1823,TOC,94.5,95
HM10231,H1823_2431,2019,9.5,AS,S,A,NA,H1823,TOC,95.25,97.25
HM10235,H1823_2432,2019,10.3,AS,I,A,NA,H1823,TOC,96.5,97.5
HM10239,H1823_2433,2019,14,AS,I,B,NA,H1823,TOC,91.75,96.5
HM10243,H1823_2434,2019,15.6,AS,I,A,NA,H1823,TOC,92.5,97.5
HM10247,H1823_2435,2019,16.4,AS,I,A,NA,H1823,TOC,94,99
HM10251,H1823_2436,2019,21.8,AS,C,A,NA,H1823,TOC,96.5,99
HM10254,H1823_2437,2019,14.4,AS,I,A,NA,H1823,TOC,96.75,99.75
HM10256,H1823_2438,2019,7.8,AS,S,A,NA,H1823,TOC,98,99.25
HM10258,H1823_2439,2019,7.1,AF,S,D,NA,H1823,TOC,97,98.5
HM10262,H1823_2440,2019,5.8,AS,S,B,NA,H1823,TOC,96,99
HM10264,H1823_2441,2019,6.4,DS,NA,NA,S1,H1823,TOC,92,99.5
HM10279,H1823_2445,2019,19.2,AS,C,A,NA,H1823,TOC,100,97
HM10295,H1823_25,2019,6.1,DS,NA,NA,S1,H1823,TOC,16.5,0.75
HM10314,H1823_26,2019,14.5,AS,C,B,NA,H1823,TOC,17,8.25
HM10318,H1823_261,2019,5,AS,S,E,NA,H1823,TOC,2.75,14.5
HM10324,H1823_263,2019,8.5,AS,S,A,NA,H1823,TOC,9.75,11.75
HM10327,H1823_264,2019,8.5,DS,NA,NA,S3,H1823,TOC,8.75,10
HM10331,H1823_265,2019,19.3,AS,I,A,NA,H1823,TOC,8,12
HM10335,H1823_266,2019,8.9,DS,NA,NA,S4,H1823,TOC,7.5,11.25
HM10339,H1823_267,2019,8.7,AS,S,B,NA,H1823,TOC,7,12
HM10343,H1823_268,2019,10.3,AS,S,A,NA,H1823,TOC,8.75,13.25
HM10347,H1823_269,2019,10.9,AL,S,C,NA,H1823,TOC,7,14
HM10349,H1823_27,2019,7.1,AS,S,D,NA,H1823,TOC,17.5,8
HM10353,H1823_270,2019,11.3,AS,S,B,NA,H1823,TOC,8.5,14.25
HM10357,H1823_271,2019,30.6,AL,D,A,NA,H1823,TOC,5,15
HM10361,H1823_272,2019,12.5,AS,S,A,NA,H1823,TOC,7,16
HM10365,H1823_273,2019,7,AL,S,B,NA,H1823,TOC,7,17
HM10369,H1823_274,2019,9,AS,S,B,NA,H1823,TOC,5.75,17
HM10373,H1823_275,2019,20.6,AS,I,A,NA,H1823,TOC,4,17.5
HM10377,H1823_276,2019,21.1,AS,C,A,NA,H1823,TOC,2,17
HM10381,H1823_277,2019,26.3,AS,I,A,NA,H1823,TOC,2,18.5
HM10385,H1823_278,2019,13.9,AL,S,C,NA,H1823,TOC,2.75,19
HM10389,H1823_279,2019,21.4,AS,C,A,NA,H1823,TOC,1,15.5
HM10391,H1823_28,2019,7.9,AS,S,B,NA,H1823,TOC,10.25,8.75
HM10395,H1823_280,2019,11.4,AS,I,A,NA,H1823,TOC,3,14.5
HM10399,H1823_281,2019,12.5,AS,I,A,NA,H1823,TOC,2,13.5
HM10403,H1823_282,2019,9.6,AS,S,B,NA,H1823,TOC,4,13
HM10407,H1823_283,2019,15.7,AS,C,A,NA,H1823,TOC,2.25,11.5
HM10411,H1823_284,2019,12.4,AF,S,B,NA,H1823,TOC,2.5,11
HM10415,H1823_285,2019,17.3,AS,C,A,NA,H1823,TOC,1.75,10.5
HM10418,H1823_286,2019,11.5,DS,NA,NA,S4,H1823,TOC,5,11
HM10422,H1823_287,2019,12.2,AS,S,A,NA,H1823,TOC,10,13.75
HM10426,H1823_288,2019,12.5,AS,S,A,NA,H1823,TOC,10,12.75
HM10428,H1823_289,2019,5.7,AL,S,B,NA,H1823,TOC,19.75,17.5
HM10436,H1823_290,2019,33.2,AS,I,A,NA,H1823,TOC,11,12
HM10440,H1823_291,2019,6,AS,S,D,NA,H1823,TOC,11.5,12.75
HM10444,H1823_292,2019,12.9,AS,I,A,NA,H1823,TOC,11.5,13.5
HM10448,H1823_293,2019,5.6,AS,S,C,NA,H1823,TOC,11,13.5
HM10452,H1823_294,2019,5.3,AL,S,E,NA,H1823,TOC,11.75,14.5
HM10456,H1823_295,2019,18.1,AS,I,A,NA,H1823,TOC,11.25,14.5
HM10460,H1823_296,2019,6,AS,S,C,NA,H1823,TOC,11.25,15
HM10464,H1823_297,2019,28.6,AS,C,A,NA,H1823,TOC,11.25,15.75
HM10468,H1823_298,2019,20.3,AL,S,B,NA,H1823,TOC,13,11.5
HM10474,H1823_3,2019,6.6,AL,S,A,NA,H1823,TOC,7,4
HM10482,H1823_300,2019,5.8,DS,NA,NA,S1,H1823,TOC,14,12.25
HM10490,H1823_302,2019,32.2,AS,I,A,NA,H1823,TOC,17,11.5
HM10498,H1823_304,2019,17.8,AL,S,A,NA,H1823,TOC,19,10.5
HM10502,H1823_305,2019,13.9,AS,I,A,NA,H1823,TOC,15.5,13.5
HM10510,H1823_307,2019,35.2,AS,C,A,NA,H1823,TOC,15,14.5
HM10514,H1823_308,2019,7.3,AS,S,A,NA,H1823,TOC,14,16
HM10518,H1823_309,2019,11.7,AS,S,A,NA,H1823,TOC,14,16.5
HM10522,H1823_31,2019,12,DF,NA,NA,F1,H1823,TOC,11,5.5
HM10530,H1823_311,2019,14,AS,I,A,NA,H1823,TOC,18.75,17
HM10534,H1823_312,2019,14.4,AS,I,A,NA,H1823,TOC,19.25,17.5
HM10541,H1823_314,2019,9.5,AS,S,C,NA,H1823,TOC,17.75,14.5
HM10545,H1823_315,2019,22.8,AS,I,A,NA,H1823,TOC,18,15
HM10549,H1823_316,2019,5.3,DS,NA,NA,S1,H1823,TOC,18.75,15
HM10558,H1823_319,2019,9.3,AS,S,A,NA,H1823,TOC,30,12.75
HM10562,H1823_32,2019,11.6,AS,I,A,NA,H1823,TOC,11.5,4.75
HM10564,H1823_320,2019,5.3,AL,S,B,NA,H1823,TOC,29,17.5
HM10566,H1823_321,2019,7.7,AS,S,B,NA,H1823,TOC,27.75,17
HM10568,H1823_322,2019,5.2,AS,S,C,NA,H1823,TOC,24,16.5
HM10570,H1823_323,2019,5.4,AF,S,D,NA,H1823,TOC,24,16.75
HM10574,H1823_324,2019,28.4,AS,C,A,NA,H1823,TOC,24.5,10.5
HM10578,H1823_325,2019,23,AS,C,A,NA,H1823,TOC,28.75,10.25
HM10581,H1823_326,2019,6.3,DS,NA,NA,S1,H1823,TOC,27,10.25
HM10584,H1823_327,2019,12,AS,I,B,NA,H1823,TOC,28,10.5
HM10588,H1823_328,2019,8.2,AS,S,B,NA,H1823,TOC,20.25,11.25
HM10596,H1823_33,2019,12.4,AS,I,A,NA,H1823,TOC,11.25,4
HM10600,H1823_330,2019,17.1,AS,S,A,NA,H1823,TOC,27,12
HM10604,H1823_331,2019,24.5,AS,I,A,NA,H1823,TOC,25.5,12
HM10608,H1823_332,2019,6.4,AS,S,C,NA,H1823,TOC,25,11.25
HM10612,H1823_333,2019,7,DS,NA,NA,S1,H1823,TOC,24,11
HM10616,H1823_334,2019,7.2,AS,S,D,NA,H1823,TOC,24,12
HM10620,H1823_335,2019,17,AS,I,A,NA,H1823,TOC,24.5,13
HM10624,H1823_336,2019,15,DF,NA,NA,F3,H1823,TOC,25,13
HM10632,H1823_338,2019,16.1,AS,I,A,NA,H1823,TOC,26,15.5
HM10636,H1823_339,2019,9.9,AL,S,C,NA,H1823,TOC,24.25,12
HM10640,H1823_34,2019,5.3,DS,NA,NA,S1,H1823,TOC,11.5,3.5
HM10648,H1823_341,2019,14.2,AS,I,A,NA,H1823,TOC,22,15
HM10652,H1823_342,2019,15,AS,I,A,NA,H1823,TOC,22.75,16.5
HM10656,H1823_343,2019,14.6,AS,I,A,NA,H1823,TOC,22.75,17
HM10658,H1823_344,2019,5.9,AS,S,A,NA,H1823,TOC,20.5,17.75
HM10664,H1823_346,2019,28.4,AL,I,A,NA,H1823,TOC,28.75,19.25
HM10672,H1823_348,2019,16.8,AS,I,B,NA,H1823,TOC,30,19
HM10679,H1823_35,2019,6.2,AS,S,C,NA,H1823,TOC,11,2
HM10682,H1823_350,2019,17,AS,C,A,NA,H1823,TOC,30,19.75
HM10695,H1823_354,2019,26.3,AL,I,A,NA,H1823,TOC,37,10.75
HM10697,H1823_355,2019,7,AS,S,A,NA,H1823,TOC,40,14.25
HM10699,H1823_356,2019,6,AS,S,B,NA,H1823,TOC,32.5,12.25
HM10701,H1823_357,2019,5.2,DF,NA,NA,S1,H1823,TOC,30.25,14
HM10717,H1823_361,2019,6.8,AS,S,D,NA,H1823,TOC,35.75,17.5
HM10721,H1823_362,2019,22.4,AS,I,A,NA,H1823,TOC,36.5,18
HM10725,H1823_363,2019,13.4,AS,I,A,NA,H1823,TOC,36.25,19
HM10729,H1823_364,2019,19.9,AS,I,B,NA,H1823,TOC,35,19.75
HM10733,H1823_365,2019,9.7,DS,NA,NA,S1,H1823,TOC,39.5,17.25
HM10737,H1823_366,2019,14.3,AS,I,B,NA,H1823,TOC,38.5,15.75
HM10743,H1823_368,2019,6.2,DS,NA,NA,S2,H1823,TOC,36.25,10.75
HM10751,H1823_37,2019,5.2,AL,S,C,NA,H1823,TOC,17.75,7
HM10755,H1823_370,2019,16.4,AS,I,A,NA,H1823,TOC,40,10.25
HM10766,H1823_373,2019,10.4,AS,S,B,NA,H1823,TOC,30.75,11.5
HM10769,H1823_374,2019,9.8,AS,I,A,NA,H1823,TOC,32,13.5
HM10773,H1823_375,2019,6.6,AL,S,A,NA,H1823,TOC,31.25,15.75
HM10776,H1823_376,2019,7.9,AS,S,A,NA,H1823,TOC,30.25,15.75
HM10779,H1823_377,2019,6.1,AS,S,A,NA,H1823,TOC,32,16
HM10782,H1823_378,2019,5.6,AS,S,B,NA,H1823,TOC,32.5,15.5
HM10786,H1823_379,2019,24.5,AS,C,B,NA,H1823,TOC,35,10
HM10790,H1823_38,2019,25.7,AS,D,A,NA,H1823,TOC,16.5,7
HM10803,H1823_383,2019,5.5,DS,NA,NA,S2,H1823,TOC,46,13
HM10805,H1823_384,2019,6.2,AS,S,A,NA,H1823,TOC,43.5,19
HM10813,H1823_386,2019,7.6,AS,S,A,NA,H1823,TOC,44.25,10.75
HM10816,H1823_387,2019,8.5,AS,S,B,NA,H1823,TOC,43.75,11
HM10820,H1823_388,2019,7.6,DS,NA,NA,S4,H1823,TOC,45,11
HM10827,H1823_39,2019,19.3,AS,C,A,NA,H1823,TOC,15.5,6.5
HM10830,H1823_390,2019,6.1,AL,S,B,NA,H1823,TOC,46,12
HM10834,H1823_391,2019,20.8,AL,I,A,NA,H1823,TOC,43.5,12
HM10838,H1823_392,2019,7.5,AL,S,B,NA,H1823,TOC,43.5,16.75
HM10842,H1823_393,2019,27.6,AS,C,A,NA,H1823,TOC,41,17
HM10846,H1823_394,2019,30.4,AS,C,A,NA,H1823,TOC,42,17
HM10850,H1823_395,2019,9.5,AS,I,A,NA,H1823,TOC,44.5,16.75
HM10854,H1823_396,2019,11.9,AS,I,A,NA,H1823,TOC,44.5,16.5
HM10861,H1823_398,2019,11.4,AS,S,A,NA,H1823,TOC,45,15
HM10865,H1823_399,2019,20.1,AS,I,A,NA,H1823,TOC,46,15
HM10867,H1823_4,2019,8.5,AS,S,A,NA,H1823,TOC,8,8
HM10871,H1823_40,2019,8.6,AL,S,D,NA,H1823,TOC,15.75,8
HM10875,H1823_401,2019,5,AL,S,A,NA,H1823,TOC,45.65,11.32
HM10876,H1823_402,2019,5.2,AL,S,B,NA,H1823,TOC,45.72,16.7
HM10877,H1823_403,2019,5.5,AB,S,B,NA,H1823,TOC,47.32,16.14
HM10881,H1823_404,2019,13.8,AS,I,A,NA,H1823,TOC,55,19.75
HM10885,H1823_405,2019,23.3,AS,I,A,NA,H1823,TOC,58,12
HM10889,H1823_406,2019,22.5,AS,S,B,NA,H1823,TOC,59,12.75
HM10893,H1823_407,2019,11.7,DS,NA,NA,S1,H1823,TOC,59,14.25
HM10897,H1823_408,2019,25,AS,I,A,NA,H1823,TOC,58,14.75
HM10901,H1823_409,2019,14,AS,S,A,NA,H1823,TOC,58,16
HM10905,H1823_41,2019,6.1,AS,S,C,NA,H1823,TOC,14.5,8.25
HM10913,H1823_411,2019,14.7,AS,I,A,NA,H1823,TOC,58,18.25
HM10917,H1823_412,2019,13.2,AS,I,A,NA,H1823,TOC,56.5,18
HM10920,H1823_413,2019,8.5,AS,S,B,NA,H1823,TOC,52.25,17
HM10923,H1823_414,2019,21.1,AS,I,A,NA,H1823,TOC,56,16
HM10926,H1823_415,2019,10.1,AS,S,A,NA,H1823,TOC,55.25,16
HM10937,H1823_418,2019,5.1,AF,S,C,NA,H1823,TOC,52,13.5
HM10941,H1823_419,2019,10.6,AS,S,A,NA,H1823,TOC,52.5,13.5
HM10945,H1823_42,2019,9.7,AL,S,B,NA,H1823,TOC,12.5,9
HM10949,H1823_420,2019,7,AL,S,A,NA,H1823,TOC,51.5,12.5
HM10953,H1823_421,2019,22,AS,I,A,NA,H1823,TOC,50.5,14
HM10960,H1823_423,2019,13,DF,NA,NA,F1,H1823,TOC,54.5,17
HM10962,H1823_424,2019,10.7,AS,I,B,NA,H1823,TOC,54,19.5
HM10965,H1823_425,2019,15.4,DF,NA,NA,F1,H1823,TOC,54.5,18
HM10968,H1823_426,2019,7.1,AL,S,A,NA,H1823,TOC,54.25,19
HM10983,H1823_43,2019,10,AS,I,B,NA,H1823,TOC,11.5,9.5
HM10985,H1823_430,2019,19.9,AS,I,A,NA,H1823,TOC,68,19.5
HM10992,H1823_432,2019,24.3,AS,I,A,NA,H1823,TOC,60.5,14
HM10996,H1823_433,2019,5.3,AS,S,C,NA,H1823,TOC,60.5,11.5
HM11016,H1823_438,2019,23.7,AS,I,A,NA,H1823,TOC,65,15
HM11020,H1823_439,2019,15.3,AS,S,B,NA,H1823,TOC,65.25,15.25
HM11024,H1823_44,2019,22.9,AS,C,B,NA,H1823,TOC,11,9
HM11028,H1823_440,2019,7.4,AL,S,B,NA,H1823,TOC,63,13.5
HM11032,H1823_441,2019,6.7,AS,S,B,NA,H1823,TOC,62.5,14
HM11036,H1823_442,2019,12.7,AS,S,A,NA,H1823,TOC,62.5,17
HM11044,H1823_444,2019,8,AB,S,D,NA,H1823,TOC,66,19
HM11056,H1823_447,2019,32.2,AS,I,A,NA,H1823,TOC,67,17
HM11060,H1823_448,2019,21.8,AS,I,A,NA,H1823,TOC,69,14
HM11068,H1823_45,2019,15.3,AL,I,A,NA,H1823,TOC,11.25,8.25
HM11077,H1823_453,2019,6.5,AS,S,A,NA,H1823,TOC,75.5,12.5
HM11079,H1823_454,2019,6.8,AS,S,A,NA,H1823,TOC,77.5,14.25
HM11081,H1823_455,2019,6,AL,S,C,NA,H1823,TOC,72.75,17.5
HM11087,H1823_457,2019,7.1,AS,S,C,NA,H1823,TOC,70.5,15.25
HM11091,H1823_458,2019,9.8,AS,S,B,NA,H1823,TOC,71,16
HM11095,H1823_459,2019,21.6,AS,I,B,NA,H1823,TOC,73,12
HM11099,H1823_46,2019,9.2,DF,NA,NA,F2,H1823,TOC,12.5,7.75
HM11107,H1823_461,2019,9.3,AF,S,C,NA,H1823,TOC,73.75,11.5
HM11114,H1823_463,2019,6.7,AL,S,A,NA,H1823,TOC,74.5,10.5
HM11122,H1823_465,2019,11.6,AB,S,D,NA,H1823,TOC,72.5,17.5
HM11126,H1823_466,2019,11.6,DS,NA,NA,S4,H1823,TOC,76.5,17.5
HM11130,H1823_467,2019,15.3,AS,S,A,NA,H1823,TOC,77,17.75
HM11134,H1823_468,2019,12.7,AS,I,A,NA,H1823,TOC,78.25,19
HM11159,H1823_475,2019,5.5,AS,S,A,NA,H1823,TOC,74.12,14.58
HM11160,H1823_476,2019,5.4,AS,S,A,NA,H1823,TOC,74.06,11.59
HM11168,H1823_478,2019,13.2,AS,I,B,NA,H1823,TOC,86.75,10.25
HM11172,H1823_479,2019,10,AB,S,B,NA,H1823,TOC,86,11.25
HM11176,H1823_48,2019,14.9,AS,I,C,NA,H1823,TOC,14.75,5
HM11180,H1823_480,2019,13.6,AS,I,A,NA,H1823,TOC,85.75,10.25
HM11183,H1823_481,2019,12.5,AS,I,B,NA,H1823,TOC,87.25,10
HM11186,H1823_482,2019,7.5,AS,S,B,NA,H1823,TOC,87.75,10
HM11194,H1823_484,2019,13.4,AS,I,A,NA,H1823,TOC,81,14.75
HM11198,H1823_485,2019,10.1,AS,S,A,NA,H1823,TOC,80.5,15.5
HM11202,H1823_486,2019,10,AS,S,A,NA,H1823,TOC,80.25,16.25
HM11206,H1823_487,2019,18.4,AS,I,A,NA,H1823,TOC,82,16.5
HM11228,H1823_492,2019,9.7,AL,S,B,NA,H1823,TOC,99,10.25
HM11232,H1823_493,2019,10,AS,S,A,NA,H1823,TOC,98.5,12
HM11236,H1823_494,2019,7.9,AF,S,C,NA,H1823,TOC,99,13
HM11240,H1823_495,2019,13.5,AS,S,A,NA,H1823,TOC,100,11.75
HM11244,H1823_496,2019,6.7,AF,S,E,NA,H1823,TOC,97,14
HM11252,H1823_498,2019,10,AS,S,A,NA,H1823,TOC,95.5,18
HM11262,H1823_50,2019,7.2,AL,S,D,NA,H1823,TOC,16.25,3.5
HM11266,H1823_500,2019,9.9,DF,NA,NA,F1,H1823,TOC,95,16.5
HM11274,H1823_502,2019,15.5,AS,I,A,NA,H1823,TOC,94.25,16
HM11278,H1823_503,2019,11.1,AF,S,B,NA,H1823,TOC,93.5,17.25
HM11286,H1823_505,2019,14.2,AS,S,A,NA,H1823,TOC,93.25,19.25
HM11290,H1823_506,2019,6.8,DF,NA,NA,F1,H1823,TOC,92,17.75
HM11294,H1823_507,2019,7.3,DF,NA,NA,F1,H1823,TOC,91.25,19
HM11298,H1823_508,2019,9,DF,NA,NA,F1,H1823,TOC,90.75,19
HM11302,H1823_509,2019,9.8,AF,S,A,NA,H1823,TOC,90.25,19.25
HM11306,H1823_51,2019,8.5,AS,S,C,NA,H1823,TOC,17,5.75
HM11310,H1823_510,2019,10.2,AS,S,B,NA,H1823,TOC,90.25,14.75
HM11313,H1823_511,2019,13.6,AS,S,A,NA,H1823,TOC,91,15
HM11343,H1823_52,2019,26.4,AS,D,A,NA,H1823,TOC,18,5
HM11361,H1823_524,2019,5.2,AL,S,D,NA,H1823,TOC,94.25,18.5
HM11375,H1823_531,2019,21.1,AS,I,A,NA,H1823,TOC,0,22
HM11393,H1823_539,2019,19.5,AS,I,D,NA,H1823,TOC,0.25,20.25
HM11397,H1823_54,2019,11.3,AS,I,C,NA,H1823,TOC,18.5,3
HM11401,H1823_540,2019,28,AS,C,A,NA,H1823,TOC,1.25,21.75
HM11405,H1823_541,2019,6.7,DS,NA,NA,S1,H1823,TOC,1.75,21.25
HM11419,H1823_545,2019,19,AS,I,A,NA,H1823,TOC,9.25,28.75
HM11439,H1823_55,2019,9.5,AS,I,B,NA,H1823,TOC,19,2
HM11456,H1823_555,2019,16.2,AS,S,B,NA,H1823,TOC,16.5,21
HM11459,H1823_556,2019,24.5,AS,I,A,NA,H1823,TOC,15.25,22.25
HM11463,H1823_557,2019,7.8,AS,S,C,NA,H1823,TOC,15.25,22.25
HM11467,H1823_558,2019,26.9,AS,I,A,NA,H1823,TOC,16,22
HM11471,H1823_559,2019,27.3,AS,I,A,NA,H1823,TOC,16.25,22
HM11475,H1823_56,2019,6,AS,S,C,NA,H1823,TOC,19,1
HM11479,H1823_560,2019,19.2,AS,I,A,NA,H1823,TOC,18,23
HM11483,H1823_561,2019,11,AS,S,D,NA,H1823,TOC,18.25,28
HM11487,H1823_562,2019,44.5,AL,C,A,NA,H1823,TOC,17,29.75
HM11491,H1823_563,2019,31,AL,I,A,NA,H1823,TOC,17.5,29.5
HM11495,H1823_564,2019,16.8,AS,I,A,NA,H1823,TOC,15,27.75
HM11499,H1823_565,2019,18.5,AS,I,A,NA,H1823,TOC,13,29.75
HM11503,H1823_566,2019,8.6,AL,S,A,NA,H1823,TOC,11,29
HM11519,H1823_57,2019,24.1,AS,C,A,NA,H1823,TOC,18.5,0
HM11537,H1823_574,2019,26.1,AS,C,B,NA,H1823,TOC,28,22.75
HM11541,H1823_575,2019,7.9,AS,S,A,NA,H1823,TOC,29.5,24.75
HM11545,H1823_576,2019,21,AS,I,A,NA,H1823,TOC,29.5,26.75
HM11549,H1823_577,2019,27.7,AS,C,B,NA,H1823,TOC,27.25,24
HM11556,H1823_579,2019,27.6,AS,C,B,NA,H1823,TOC,26,26
HM11560,H1823_58,2019,35.1,AS,D,A,NA,H1823,TOC,17.75,0.75
HM11564,H1823_580,2019,12.4,DS,NA,NA,S3,H1823,TOC,28.25,29
HM11572,H1823_582,2019,41.4,AS,D,A,NA,H1823,TOC,25,29.75
HM11576,H1823_583,2019,13.5,AS,C,B,NA,H1823,TOC,26,21
HM11580,H1823_584,2019,20.2,AS,C,A,NA,H1823,TOC,25,22
HM11584,H1823_585,2019,21.6,AS,I,B,NA,H1823,TOC,25,23.75
HM11588,H1823_586,2019,6.7,AL,S,B,NA,H1823,TOC,20.75,22
HM11592,H1823_587,2019,20.1,AS,I,A,NA,H1823,TOC,21.25,24
HM11601,H1823_59,2019,6.8,DS,NA,NA,S1,H1823,TOC,15.5,0.25
HM11603,H1823_590,2019,6,AS,S,A,NA,H1823,TOC,32.25,25.25
HM11607,H1823_591,2019,16.2,AS,C,B,NA,H1823,TOC,30.75,20.75
HM11611,H1823_592,2019,16.8,AS,I,B,NA,H1823,TOC,30.75,22.25
HM11619,H1823_594,2019,6,AL,S,D,NA,H1823,TOC,32,21.25
HM11623,H1823_595,2019,22.9,AS,I,A,NA,H1823,TOC,32.25,22
HM11627,H1823_596,2019,23,AS,C,A,NA,H1823,TOC,33.75,20.5
HM11631,H1823_597,2019,32.2,AS,C,A,NA,H1823,TOC,35.5,20.5
HM11635,H1823_598,2019,10,DF,NA,NA,S1,H1823,TOC,34.5,22.75
HM11639,H1823_599,2019,23.4,AS,C,A,NA,H1823,TOC,38.75,21
HM11641,H1823_6,2019,7.2,AL,S,C,NA,H1823,TOC,4.5,9.75
HM11645,H1823_60,2019,7.2,AL,S,B,NA,H1823,TOC,16.5,0.75
HM11649,H1823_600,2019,20.7,AS,C,A,NA,H1823,TOC,37.25,21.75
HM11653,H1823_601,2019,16.8,AS,I,A,NA,H1823,TOC,38.25,22.5
HM11657,H1823_602,2019,11.7,AS,I,A,NA,H1823,TOC,40,22.5
HM11661,H1823_603,2019,9.2,AS,I,A,NA,H1823,TOC,38.5,24.5
HM11665,H1823_604,2019,8.7,AS,S,B,NA,H1823,TOC,34,21
HM11669,H1823_605,2019,23.2,AS,C,A,NA,H1823,TOC,35.25,23.75
HM11673,H1823_606,2019,19.7,AS,C,A,NA,H1823,TOC,36.5,24
HM11677,H1823_607,2019,16.5,AS,I,A,NA,H1823,TOC,36.25,25
HM11684,H1823_609,2019,11.5,AL,I,B,NA,H1823,TOC,36,27.25
HM11688,H1823_61,2019,7,DF,NA,NA,S5,H1823,TOC,16.5,1
HM11696,H1823_611,2019,24.8,AS,C,A,NA,H1823,TOC,31.75,27
HM11700,H1823_612,2019,21.5,AL,I,A,NA,H1823,TOC,31,27.75
HM11704,H1823_613,2019,8.5,AL,S,D,NA,H1823,TOC,30.5,29.5
HM11707,H1823_614,2019,14.4,AS,I,A,NA,H1823,TOC,34,29.75
HM11711,H1823_615,2019,21.8,AS,C,A,NA,H1823,TOC,40,28.75
HM11715,H1823_616,2019,21.7,AS,C,A,NA,H1823,TOC,38,28
HM11719,H1823_617,2019,14.9,AS,C,A,NA,H1823,TOC,39,27
HM11720,H1823_618,2019,5.3,AL,S,D,NA,H1823,TOC,31.9,28.9
HM11722,H1823_619,2019,8.3,AL,S,A,NA,H1823,TOC,46.25,23
HM11730,H1823_621,2019,19.4,AS,I,A,NA,H1823,TOC,40.25,22
HM11734,H1823_622,2019,18.8,AS,C,A,NA,H1823,TOC,41,23.25
HM11738,H1823_623,2019,19.7,AS,C,A,NA,H1823,TOC,40.75,24.25
HM11742,H1823_624,2019,11.3,AL,S,A,NA,H1823,TOC,41.5,22.5
HM11751,H1823_627,2019,15.2,AS,I,A,NA,H1823,TOC,47,25.25
HM11759,H1823_629,2019,15,AS,I,A,NA,H1823,TOC,46.75,26.75
HM11763,H1823_63,2019,9.7,AL,S,B,NA,H1823,TOC,17,3.25
HM11767,H1823_630,2019,20.2,AS,C,A,NA,H1823,TOC,44.5,25.75
HM11777,H1823_633,2019,11.3,AF,S,C,NA,H1823,TOC,40.5,29.5
HM11781,H1823_634,2019,30.3,AS,C,A,NA,H1823,TOC,49,29.75
HM11785,H1823_635,2019,15,AS,I,A,NA,H1823,TOC,49.25,29.75
HM11802,H1823_640,2019,8.3,AS,S,B,NA,H1823,TOC,60,25
HM11806,H1823_641,2019,12.9,AL,S,B,NA,H1823,TOC,55,21
HM11808,H1823_642,2019,5.6,AL,S,B,NA,H1823,TOC,54,20.5
HM11812,H1823_643,2019,10.1,DF,NA,NA,F3,H1823,TOC,50.75,21.25
HM11816,H1823_644,2019,15.4,AS,I,A,NA,H1823,TOC,51,21.5
HM11820,H1823_645,2019,30.7,AF,S,B,NA,H1823,TOC,52,21.75
HM11829,H1823_648,2019,13.4,AB,I,C,NA,H1823,TOC,55,25
HM11841,H1823_650,2019,10.5,AS,S,B,NA,H1823,TOC,51.75,27.75
HM11845,H1823_651,2019,22.9,AS,I,A,NA,H1823,TOC,52.5,27
HM11849,H1823_652,2019,22.8,AS,I,A,NA,H1823,TOC,54,28.5
HM11854,H1823_654,2019,13.1,AS,I,B,NA,H1823,TOC,55,21.25
HM11858,H1823_655,2019,7.1,AS,S,B,NA,H1823,TOC,56.25,21.75
HM11862,H1823_656,2019,14.1,AS,I,A,NA,H1823,TOC,56.5,21.25
HM11866,H1823_657,2019,10.5,AS,I,A,NA,H1823,TOC,57.5,22.25
HM11870,H1823_658,2019,8.9,AS,I,A,NA,H1823,TOC,58,22
HM11874,H1823_659,2019,9,AS,S,B,NA,H1823,TOC,59.5,21
HM11878,H1823_66,2019,6.6,DS,NA,NA,S5,H1823,TOC,12.5,1
HM11882,H1823_660,2019,8.8,AS,S,C,NA,H1823,TOC,60,21.5
HM11886,H1823_661,2019,7,AS,S,A,NA,H1823,TOC,59.75,23.25
HM11894,H1823_663,2019,25.5,AS,I,B,NA,H1823,TOC,59,26.75
HM11901,H1823_665,2019,7.9,AS,S,C,NA,H1823,TOC,58,25.5
HM11905,H1823_666,2019,8,AS,S,B,NA,H1823,TOC,57,25.25
HM11907,H1823_667,2019,7.5,DF,NA,NA,F2,H1823,TOC,60,24
HM11909,H1823_668,2019,7.8,DS,NA,NA,S1,H1823,TOC,57.75,27
HM11911,H1823_669,2019,19.8,AS,I,A,NA,H1823,TOC,58.5,28.5
HM11915,H1823_67,2019,23.2,AS,I,A,NA,H1823,TOC,12.25,2.5
HM11926,H1823_672,2019,18.1,AS,I,A,NA,H1823,TOC,69.5,28.75
HM11941,H1823_676,2019,31.5,AS,C,A,NA,H1823,TOC,65,28
HM11949,H1823_678,2019,13.6,AS,I,A,NA,H1823,TOC,68.5,25.25
HM11953,H1823_679,2019,15.7,AS,I,A,NA,H1823,TOC,69.5,24.75
HM11957,H1823_68,2019,9.8,AS,S,C,NA,H1823,TOC,12.5,4.5
HM11961,H1823_680,2019,6,AS,S,C,NA,H1823,TOC,69.75,24.25
HM11965,H1823_681,2019,9.9,AS,I,A,NA,H1823,TOC,66,26
HM11973,H1823_683,2019,15.1,AS,I,A,NA,H1823,TOC,64,24.75
HM11977,H1823_684,2019,9.1,DS,NA,NA,F1,H1823,TOC,64.5,26
HM11989,H1823_687,2019,8,AS,S,B,NA,H1823,TOC,61.75,27.25
HM11993,H1823_688,2019,22.4,AS,I,B,NA,H1823,TOC,61,25.75
HM12003,H1823_690,2019,8.4,AS,S,A,NA,H1823,TOC,60.75,29.25
HM12007,H1823_691,2019,6.8,AS,S,B,NA,H1823,TOC,61.5,24.75
HM12011,H1823_692,2019,11.9,AL,S,A,NA,H1823,TOC,62.5,24.5
HM12019,H1823_694,2019,6.9,AS,S,B,NA,H1823,TOC,61.5,23.75
HM12023,H1823_695,2019,8.1,AS,S,C,NA,H1823,TOC,61,23.25
HM12027,H1823_696,2019,19.5,AS,I,A,NA,H1823,TOC,60.5,20.75
HM12031,H1823_697,2019,15.2,AS,I,B,NA,H1823,TOC,64.25,21.75
HM12035,H1823_698,2019,22.6,AS,I,A,NA,H1823,TOC,65,22.75
HM12039,H1823_699,2019,6.8,AS,S,B,NA,H1823,TOC,65,23
HM12043,H1823_7,2019,12.9,AS,I,A,NA,H1823,TOC,8.25,1
HM12047,H1823_70,2019,15.7,AS,I,A,NA,H1823,TOC,20.25,1
HM12054,H1823_701,2019,11.8,AS,S,A,NA,H1823,TOC,67.5,22
HM12056,H1823_702,2019,5.9,AS,S,C,NA,H1823,TOC,70,21
HM12058,H1823_703,2019,5.2,DF,NA,NA,F1,H1823,TOC,69.75,20
HM12084,H1823_71,2019,14.4,AS,I,A,NA,H1823,TOC,21,3
HM12087,H1823_710,2019,6.6,AS,S,A,NA,H1823,TOC,75.75,20.75
HM12091,H1823_711,2019,16.1,AS,S,A,NA,H1823,TOC,75.25,21.5
HM12095,H1823_712,2019,14.6,AS,S,A,NA,H1823,TOC,79,20.75
HM12099,H1823_713,2019,14.1,AS,S,A,NA,H1823,TOC,76.25,22.5
HM12106,H1823_715,2019,15.6,AS,I,A,NA,H1823,TOC,75,24
HM12110,H1823_716,2019,19,AS,I,A,NA,H1823,TOC,79,26
HM12117,H1823_718,2019,12.7,AS,I,A,NA,H1823,TOC,77.75,26.75
HM12125,H1823_72,2019,22.8,AS,I,A,NA,H1823,TOC,21,7
HM12128,H1823_720,2019,7.2,AS,S,A,NA,H1823,TOC,75.25,28
HM12132,H1823_721,2019,11.3,AS,I,A,NA,H1823,TOC,73,29.5
HM12136,H1823_722,2019,13,AS,I,A,NA,H1823,TOC,72,27.5
HM12140,H1823_723,2019,17.4,AS,I,A,NA,H1823,TOC,70.25,27
HM12144,H1823_724,2019,25.1,AS,I,A,NA,H1823,TOC,72.5,24.5
HM12148,H1823_725,2019,13.9,AS,S,A,NA,H1823,TOC,72,23.75
HM12152,H1823_726,2019,8,AS,S,A,NA,H1823,TOC,74.75,26.5
HM12154,H1823_727,2019,6.3,AS,S,B,NA,H1823,TOC,77.25,29
HM12166,H1823_73,2019,11.9,AL,S,A,NA,H1823,TOC,24.5,0.5
HM12177,H1823_732,2019,6.4,DS,NA,NA,F1,H1823,TOC,89.5,29.75
HM12185,H1823_734,2019,14.8,AS,I,A,NA,H1823,TOC,89.5,25
HM12193,H1823_736,2019,9.6,AL,S,A,NA,H1823,TOC,85.75,29.5
HM12197,H1823_737,2019,9.5,DF,NA,NA,F1,H1823,TOC,85,27.75
HM12201,H1823_738,2019,16.7,AS,I,A,NA,H1823,TOC,85.5,26
HM12205,H1823_739,2019,20.3,AS,I,A,NA,H1823,TOC,84.5,26.25
HM12209,H1823_74,2019,7.5,AS,S,B,NA,H1823,TOC,22.75,7.25
HM12213,H1823_740,2019,5.2,AL,S,D,NA,H1823,TOC,83,27.5
HM12221,H1823_742,2019,19.5,AS,I,A,NA,H1823,TOC,83,29.75
HM12225,H1823_743,2019,17.4,AS,I,A,NA,H1823,TOC,82.5,25
HM12229,H1823_744,2019,7.7,AL,S,B,NA,H1823,TOC,80.5,23.25
HM12233,H1823_745,2019,6.2,AF,S,C,NA,H1823,TOC,80.25,20.75
HM12237,H1823_746,2019,13.7,AS,S,A,NA,H1823,TOC,80.75,20
HM12241,H1823_747,2019,17.7,AS,I,A,NA,H1823,TOC,84,22.25
HM12245,H1823_748,2019,12.5,AS,I,A,NA,H1823,TOC,87,22
HM12249,H1823_749,2019,15,AS,I,A,NA,H1823,TOC,87.5,21.75
HM12253,H1823_75,2019,14.8,AS,I,A,NA,H1823,TOC,25,7.5
HM12257,H1823_750,2019,14.2,AS,I,A,NA,H1823,TOC,86.5,20
HM12259,H1823_751,2019,8.4,AL,S,B,NA,H1823,TOC,85.5,21.25
HM12283,H1823_757,2019,12.5,AS,S,B,NA,H1823,TOC,93,20.25
HM12287,H1823_758,2019,24.2,AS,I,A,NA,H1823,TOC,93.25,22.5
HM12291,H1823_759,2019,10.9,AS,I,A,NA,H1823,TOC,92.5,25.5
HM12294,H1823_76,2019,5.8,AS,S,B,NA,H1823,TOC,25,8.5
HM12298,H1823_760,2019,13.3,AS,I,B,NA,H1823,TOC,91.25,25.75
HM12302,H1823_761,2019,14.3,AS,I,A,NA,H1823,TOC,91,24.5
HM12306,H1823_762,2019,10.8,AS,S,B,NA,H1823,TOC,90.5,23
HM12317,H1823_765,2019,10,AS,S,A,NA,H1823,TOC,90.75,29.5
HM12325,H1823_767,2019,7.5,AL,S,B,NA,H1823,TOC,96,26.5
HM12335,H1823_77,2019,8.4,AS,S,B,NA,H1823,TOC,26,0.25
HM12339,H1823_770,2019,19,AS,I,A,NA,H1823,TOC,95,24
HM12369,H1823_779,2019,6.3,AS,S,A,NA,H1823,TOC,98.82,29.25
HM12373,H1823_78,2019,19.1,AS,I,B,NA,H1823,TOC,26.25,8.25
HM12388,H1823_785,2019,22,AS,I,A,NA,H1823,TOC,3.5,39
HM12396,H1823_787,2019,7.8,DS,NA,NA,S1,H1823,TOC,6,36.75
HM12400,H1823_788,2019,5.7,AL,S,B,NA,H1823,TOC,8,35.5
HM12404,H1823_789,2019,20.7,AS,I,A,NA,H1823,TOC,8.25,35.5
HM12408,H1823_79,2019,23.1,AS,I,A,NA,H1823,TOC,27.5,7
HM12412,H1823_790,2019,6.2,AS,S,C,NA,H1823,TOC,8.5,35.5
HM12416,H1823_791,2019,5.6,AS,S,C,NA,H1823,TOC,8.75,37.25
HM12420,H1823_792,2019,24,AS,I,A,NA,H1823,TOC,9,38
HM12427,H1823_794,2019,22.2,AS,I,A,NA,H1823,TOC,6,33
HM12431,H1823_795,2019,26.1,AS,I,A,NA,H1823,TOC,7,32.5
HM12434,H1823_796,2019,5.4,AL,S,B,NA,H1823,TOC,7,32.75
HM12449,H1823_8,2019,9.1,AS,S,A,NA,H1823,TOC,0.5,2
HM12453,H1823_80,2019,12.5,DS,NA,NA,S4,H1823,TOC,29.5,0.5
HM12486,H1823_808,2019,5,AL,S,A,NA,H1823,TOC,5.82,32.14
HM12492,H1823_81,2019,11.8,DF,NA,NA,F2,H1823,TOC,30,9.25
HM12500,H1823_813,2019,6.1,AS,S,C,NA,H1823,TOC,18,31.5
HM12506,H1823_816,2019,5.1,AL,S,C,NA,H1823,TOC,19.75,35
HM12529,H1823_821,2019,7.7,AL,S,C,NA,H1823,TOC,10.5,32
HM12533,H1823_822,2019,10.2,AS,S,A,NA,H1823,TOC,10.5,36.75
HM12556,H1823_829,2019,19,AS,I,A,NA,H1823,TOC,19.75,34
HM12581,H1823_835,2019,21.8,AS,C,A,NA,H1823,TOC,13,30
HM12584,H1823_836,2019,6,AS,S,A,NA,H1823,TOC,15.5,40
HM12610,H1823_842,2019,5.9,AS,S,A,NA,H1823,TOC,29.5,33.75
HM12618,H1823_845,2019,7.1,AS,S,B,NA,H1823,TOC,21.5,30
HM12622,H1823_846,2019,25.4,AS,I,A,NA,H1823,TOC,21.25,32.75
HM12625,H1823_847,2019,5.7,AS,S,A,NA,H1823,TOC,21,30.25
HM12646,H1823_852,2019,7.7,AS,S,C,NA,H1823,TOC,28.75,31
HM12653,H1823_854,2019,20.9,AS,C,A,NA,H1823,TOC,29.75,35
HM12683,H1823_863,2019,30.6,AL,I,D,NA,H1823,TOC,34,38.25
HM12686,H1823_864,2019,7.3,AS,S,A,NA,H1823,TOC,38.75,39.5
HM12690,H1823_865,2019,18.6,AS,C,B,NA,H1823,TOC,39,30
HM12694,H1823_866,2019,25.2,AL,C,B,NA,H1823,TOC,38.5,33.5
HM12698,H1823_867,2019,28.6,AS,C,A,NA,H1823,TOC,38,33.75
HM12702,H1823_868,2019,24.6,AS,C,B,NA,H1823,TOC,35,33.5
HM12706,H1823_869,2019,20.8,AS,C,B,NA,H1823,TOC,36,35
HM12708,H1823_87,2019,12.5,AS,S,A,NA,H1823,TOC,40,1.5
HM12712,H1823_870,2019,18.4,AS,C,A,NA,H1823,TOC,36.75,35.75
HM12716,H1823_871,2019,9.5,AS,I,B,NA,H1823,TOC,36,35.75
HM12720,H1823_872,2019,26.3,AS,C,A,NA,H1823,TOC,31,33
HM12724,H1823_873,2019,30.4,AS,C,B,NA,H1823,TOC,32,34
HM12728,H1823_874,2019,18.8,AS,I,A,NA,H1823,TOC,32.5,35
HM12732,H1823_875,2019,16.1,AS,I,A,NA,H1823,TOC,31.25,36.75
HM12735,H1823_877,2019,5.5,AS,S,A,NA,H1823,TOC,43.75,34
HM12737,H1823_878,2019,6.8,AS,S,A,NA,H1823,TOC,49,30
HM12739,H1823_879,2019,5.8,AS,S,A,NA,H1823,TOC,41.25,33.5
HM12741,H1823_88,2019,5,NA,NA,NA,NA,H1823,TOC,39.75,7
HM12743,H1823_880,2019,7,DS,NA,NA,S4,H1823,TOC,41,33
HM12749,H1823_883,2019,6.4,AS,S,A,NA,H1823,TOC,46.75,31.25
HM12758,H1823_886,2019,7.2,DF,NA,NA,S1,H1823,TOC,42.5,30.5
HM12769,H1823_889,2019,12.4,AS,I,A,NA,H1823,TOC,49,38.5
HM12775,H1823_890,2019,10.1,AS,I,A,NA,H1823,TOC,48.25,38.75
HM12779,H1823_891,2019,35.6,AS,C,A,NA,H1823,TOC,46.5,39.75
HM12783,H1823_892,2019,32.9,AS,C,A,NA,H1823,TOC,42,39.75
HM12791,H1823_894,2019,13.4,AS,I,B,NA,H1823,TOC,41.5,38
HM12795,H1823_895,2019,23.6,AL,I,A,NA,H1823,TOC,41.25,37.5
HM12799,H1823_896,2019,14.1,AS,I,A,NA,H1823,TOC,41.75,36.75
HM12806,H1823_898,2019,6.2,AF,S,D,NA,H1823,TOC,47.75,34
HM12810,H1823_899,2019,9.1,AS,S,A,NA,H1823,TOC,48.25,33.5
HM12814,H1823_9,2019,11.6,AS,S,A,NA,H1823,TOC,0.75,2.5
HM12817,H1823_90,2019,9.3,AS,S,A,NA,H1823,TOC,34,0
HM12825,H1823_902,2019,5.1,AS,S,A,NA,H1823,TOC,NA,NA
HM12831,H1823_904,2019,35.3,AS,C,A,NA,H1823,TOC,51,39.5
HM12839,H1823_906,2019,17.3,AS,I,B,NA,H1823,TOC,58,30.5
HM12843,H1823_907,2019,15.6,AS,I,A,NA,H1823,TOC,59.5,30.75
HM12845,H1823_908,2019,8.7,AB,S,D,NA,H1823,TOC,56.75,31
HM12849,H1823_909,2019,16.4,AS,I,A,NA,H1823,TOC,56.25,31.75
HM12853,H1823_91,2019,14,AS,I,A,NA,H1823,TOC,31,9
HM12857,H1823_910,2019,11.5,AS,I,A,NA,H1823,TOC,59.5,33.25
HM12861,H1823_911,2019,20.1,AS,I,A,NA,H1823,TOC,59,33.75
HM12865,H1823_912,2019,7.6,AS,S,A,NA,H1823,TOC,59,34.5
HM12877,H1823_915,2019,22.6,AS,I,A,NA,H1823,TOC,59,37.75
HM12881,H1823_916,2019,26.8,AS,C,B,NA,H1823,TOC,55.25,39
HM12898,H1823_920,2019,9,AS,I,B,NA,H1823,TOC,51.5,39.25
HM12902,H1823_921,2019,6.8,AL,S,C,NA,H1823,TOC,53,36
HM12913,H1823_924,2019,37.9,AS,C,A,NA,H1823,TOC,50.25,34.75
HM12924,H1823_927,2019,17.8,AS,I,A,NA,H1823,TOC,54.25,33.5
HM12927,H1823_928,2019,6.8,AL,S,B,NA,H1823,TOC,54,36
HM12935,H1823_93,2019,9.5,AS,S,C,NA,H1823,TOC,31.25,2.25
HM12943,H1823_932,2019,5.4,AL,S,C,NA,H1823,TOC,54.53,30
HM12947,H1823_933,2019,23.5,AS,I,A,NA,H1823,TOC,61.75,30
HM12951,H1823_934,2019,6,AS,S,C,NA,H1823,TOC,61,30
HM12955,H1823_935,2019,6.2,DS,NA,NA,S1,H1823,TOC,66,30.5
HM12959,H1823_936,2019,19,AS,I,B,NA,H1823,TOC,65.25,31
HM12966,H1823_938,2019,15.3,AS,S,C,NA,H1823,TOC,65,31.5
HM12970,H1823_939,2019,7,DS,NA,NA,S1,H1823,TOC,63.5,30.5
HM12974,H1823_94,2019,20.5,AS,I,A,NA,H1823,TOC,31,1.5
HM12977,H1823_940,2019,6,AL,S,B,NA,H1823,TOC,63,31
HM12985,H1823_942,2019,12.6,AS,I,A,NA,H1823,TOC,61.75,34.75
HM12989,H1823_943,2019,12.9,AS,I,A,NA,H1823,TOC,67,34
HM12993,H1823_944,2019,12.2,AL,S,B,NA,H1823,TOC,63,33.75
HM12997,H1823_945,2019,17.7,AS,I,A,NA,H1823,TOC,63.25,35.5
HM13004,H1823_947,2019,23.4,AS,C,A,NA,H1823,TOC,66,33
HM13008,H1823_948,2019,16,AS,I,A,NA,H1823,TOC,66.75,32.75
HM13019,H1823_950,2019,9.9,AS,I,A,NA,H1823,TOC,69,35.5
HM13022,H1823_951,2019,7.5,AL,S,B,NA,H1823,TOC,68.5,34
HM13029,H1823_953,2019,20.3,AS,I,A,NA,H1823,TOC,66,37.75
HM13042,H1823_957,2019,15.2,AS,I,A,NA,H1823,TOC,62,39
HM13046,H1823_959,2019,5.8,AS,S,A,NA,H1823,TOC,68.5,30.25
HM13050,H1823_96,2019,22.8,AS,I,A,NA,H1823,TOC,35,2
HM13071,H1823_965,2019,5.6,AS,S,A,NA,H1823,TOC,70,33.3
HM13083,H1823_97,2019,20.1,AS,I,A,NA,H1823,TOC,36.75,0.5
HM13087,H1823_970,2019,23.3,AS,I,A,NA,H1823,TOC,77.5,31.25
HM13091,H1823_971,2019,5.4,AL,S,B,NA,H1823,TOC,74.75,31.5
HM13095,H1823_972,2019,14.9,AS,I,A,NA,H1823,TOC,72.75,31.5
HM13099,H1823_973,2019,9.5,AS,S,A,NA,H1823,TOC,72,31.5
HM13107,H1823_975,2019,29.5,AL,I,A,NA,H1823,TOC,71.5,34.5
HM13117,H1823_978,2019,8.4,AS,S,A,NA,H1823,TOC,70.5,38.75
HM13121,H1823_979,2019,21.6,AS,I,A,NA,H1823,TOC,74,39
HM13128,H1823_980,2019,12.7,AL,I,A,NA,H1823,TOC,74,38.5
HM13139,H1823_983,2019,23.7,AS,I,A,NA,H1823,TOC,74.25,35
HM13143,H1823_984,2019,8.3,AS,S,B,NA,H1823,TOC,75,36
HM13150,H1823_986,2019,14,AB,S,A,NA,H1823,TOC,79.75,37.25
HM13154,H1823_987,2019,24.9,AS,I,A,NA,H1823,TOC,80,31.25
HM13156,H1823_988,2019,5.7,AL,S,A,NA,H1823,TOC,75.25,36
HM13164,H1823_99,2019,30.6,AS,D,A,NA,H1823,TOC,39,4.5
HM13184,H1823_994,2019,17.7,AS,I,A,NA,H1823,TOC,80.25,37.25
HM13188,H1823_995,2019,20.9,AS,I,A,NA,H1823,TOC,84,36
HM13195,H1823_997,2019,25.9,AS,I,A,NA,H1823,TOC,83.25,31.75
HM13199,H1823_998,2019,21.9,AS,I,A,NA,H1823,TOC,85,35
HM13202,H1823_999,2019,8.1,AL,S,B,NA,H1823,TOC,85.75,30.25
